Origin,Target,Type,Format
"/product/millionaire-bitcoin-scalper-pro-ea","/product/apex-quant-ea-ai-bitcoin-scalper-for-mt5/","301","plain"
"/product/bbp-ai-golden-ea","/product-category/gold-forex-ea/","301","plain"
"/product/quantum-rsi-fx-ea-settings-update","/product/onix-stratos-xauusd-ea-ai-smart-scalper-for-mt5/","301","plain"
"/how-to-become-a-hedge-fund-manager-the-ultimate-guide","/blog/","301","plain"
"/product/billionaire-forex-ea-collection","/product/onix-stratos-xauusd-ea-ai-smart-scalper-for-mt5/","301","plain"
"/product/golden-shark-marca-non-repaint-indicator","/product/golden-deer-holy-grail-indicator/","301","plain"
"/risk-management-forex-calculator","/blog/","301","plain"
"/forex-pairs-with-most-volatility","/blog/","301","plain"
"/forex-factory-expert-advisors-can-you-rely-on-robots-here","/blog/","301","plain"
"/where-to-get-the-best-free-forex-trading-signals-and-setups","/blog/","301","plain"
"/tradingview-tips-and-tricks-for-expert-technical-analysis-in-2024","/is-tradingview-the-best-charting-platform/","301","plain"
"/how-to-use-metatrader-4","/how-to-install-mt4-expert-advisor-on-windows-7-powerful-steps-for-fast-easy-setup/","301","plain"
"/special-discount","/","301","plain"
"/automated-forex-trading-systems-backtesting-in-strategy-tester","/how-to-install-mt4-expert-advisor-on-windows-7-powerful-steps-for-fast-easy-setup/","301","plain"
"/payment","/","301","plain"
"/how-to-install-mt4-expert-advisor-on-windows-quick-guide","/how-to-install-mt4-expert-advisor-on-windows-7-powerful-steps-for-fast-easy-setup/","301","plain"
"/offer","/copy-trading/","301","plain"
"/plans","/copy-trading/","301","plain"
"/market-sentiment","/live-chart/","301","plain"
"/country-profiles","/blog/","301","plain"
"/developing-your-own-trading-plan","/blog/","301","plain"
"/the-most-dangerous-emotion-for-forex-traders","/blog/","301","plain"
"/how-to-bounce-back-after-a-losing-streak-in-the-market","/blog/","301","plain"
"/oscillators-and-momentum-indicators","/blog/","301","plain"
"/gold-miner-ea-review-digging-for-profits-or-fools-gold","/product-category/forex-robot/","301","plain"
"/fxcore100-ea-review","/product/fxcore100-ea/","301","plain"
"/forex-shark-ea-review-predator-or-an-easy-catch-for-brokers","/product/obsidian-aether-eurusd-ea-ai-grid-scalper-for-mt5/","301","plain"
"/4-ways-of-trading-which-make-profits","/blog/","301","plain"
"/trading-divergences","/blog/","301","plain"
"/harmonic-price-patterns","/blog/","301","plain"
"/keeping-a-trading-journal","/blog/","301","plain"
"/one-trade-is-all-it-takes-to-become-successful","/blog/","301","plain"
"/a-7-step-cure-for-a-trading-losing-streak","/blog/","301","plain"
"/important-chart-patterns","/blog/","301","plain"
"/which-type-of-trader-are-you","/blog/","301","plain"
"/forex-cyborg-review-half-bot-half-human-all-profit","/shop/","301","plain"
"/veno-ea-review-can-this-robot-enhance-your-trading-performance","/product-category/forex-robot/","301","plain"
"/the-number-1-cause-of-death-of-forex-traders","/blog/","301","plain"
"/forex-megadroid-review-a-dinosaur-or-still-competitive-in-2024","/product-category/forex-robot/","301","plain"
"/5-top-tips-on-trade-exit-strategies","/blog/","301","plain"
"/trading-psychology-explained-manage-fear-and-greed-for-success","/blog/","301","plain"
"/how-to-avoid-forex-losses","/blog/","301","plain"
"/alfa-scalper-ea-review-does-this-mt4-expert-advisor-deliver-profits","/product-category/forex-robot/","301","plain"
"/crypto-rocket-ea-review-launched-for-profits-or-crashing-down-to-earth","/product-category/forex-robot/","301","plain"
"/centobot-ea-review-should-you-use-this-automated-trading-system","/product-category/forex-robot/","301","plain"
"/forex-incontrol-ea-review-can-this-robot-take-control-of-your-profits","/shop/","301","plain"
"/kangaroo-ea-review-bounce-back-from-losses-with-this-automated-trader","/shop/","301","plain"
"/forex-scalping-ea-review-lightning-fast-trading-with-bots-explained","/product-category/forex-robot/","301","plain"
"/forex-champion-ea-review-a-real-championship-contender-or-total-pretender","/product-category/forex-robot/","301","plain"
"/popular-chart-indicators","/blog/","301","plain"
"/types-of-forex-orders-explained-market-limit-stop-and-more","/blog/","301","plain"
"/scalping-ea-guide-should-you-use-robots-for-ultra-short-term-trading","/blog/","301","plain"
"/forex-scalper-robot-review-tiny-gains-or-serious-trading-profits","/blog/","301","plain"
"/how-do-you-trade-forex","/blog/","301","plain"
"/setting-stop-losses","/blog/","301","plain"
"/create-your-own-trading-system","/blog/","301","plain"
"/fibonacci","/blog/","301","plain"
"/forex-striker-ea-review-will-this-robot-strike-for-profits-or-outright-miss","/blog/","301","plain"
"/3-steps-to-immediately-become-a-successful-forex-trader","/blog/","301","plain"
"/fundamental-analysis","/blog/","301","plain"
"/currency-crosses","/blog/","301","plain"
"/elliott-wave-theory","/blog/","301","plain"
"/market-environment","/blog/","301","plain"
"/trading-breakouts-and-fakeouts","/blog/","301","plain"
"/multiple-time-frame-analysis","/blog/","301","plain"
"/carry-trade","/blog/","301","plain"
"/the-u-s-dollar-index","/blog/","301","plain"
"/pivot-points","/blog/","301","plain"
"/trading-the-news","/blog/","301","plain"
"/three-types-of-analysis","/blog/","301","plain"
"/3-types-of-forex-charts-and-how-to-read-them","/blog/","301","plain"
"/support-and-resistance-levels","/blog/","301","plain"
"/moving-averages","/blog/","301","plain"
"/forex-brokers-atoz","/blog/","301","plain"
"/when-can-you-trade-forex","/blog/","301","plain"
"/who-trades-forex","/blog/","301","plain"
"/why-trade-forex","/blog/","301","plain"
"/what-is-forex","/blog/","301","plain"
"/intermarket-correlations","/blog/","301","plain"
"/using-equities-to-trade-fx","/blog/","301","plain"
"/risk-management","/blog/","301","plain"
"/position-sizing","/blog/","301","plain"
"/scaling-in-and-out","/blog/","301","plain"
"/currency-correlations","/blog/","301","plain"
"/5-lessons-only-experience-can-teach-you-about-forex-trading","/blog/","301","plain"
"/ultimate-forex-trading-guide","/blog/","301","plain"
"/a-successful-mindset-5-tips-for-building-it","/blog/","301","plain"
"/forex-steam-ea-review-does-this-automated-trading-robot-hold-up","/shop/","301","plain"
"/taurus-forex-robot-review-raging-bull-or-slow-ox-the-truth-revealed","/shop/","301","plain"
"/forex-robinvol-robot-review-stealing-from-the-rich-giving-to-the-poor","/shop/","301","plain"
"/japanese-candlesticks","/blog/","301","plain"
"/perform-a-trade-autopsy-every-month","/blog/","301","plain"
"/what-are-pips-in-forex-trading-and-what-is-their-value","/blog/","301","plain"
"/the-top-5-trading-tips-no-one-else-will-tell-you","/blog/","301","plain"
"/3-ways-to-prevent-sabotaging-your-trading-success","/blog/","301","plain"
"/the-top-5-trading-tips-no-one-else-ever-told-you","/blog/","301","plain"
"/break-through-the-wall-of-trading-mistakes-holding-you-back","/blog/","301","plain"
"/what-builds-confidence-in-trading","/blog/","301","plain"
"/affiliate-home","/","301","plain"
"/affiliates","/","301","plain"
"/dmca-policy","/terms-conditions/","301","plain"
"/about-us","/","301","plain"
"/disclaimer","/terms-conditions/","301","plain"
"/frequently-asked-questions","/copy-trading/","301","plain"
"/product/trading-books-for-success","/shop/","301","plain"
"/product/ultimate-trading-course-collection","/product/golden-deer-holy-grail-indicator/","301","plain"
"/product/advance-swing-trading-course","/product/golden-deer-holy-grail-indicator/","301","plain"
"/product/golden-road-indicator","/product/golden-deer-holy-grail-indicator/","301","plain"
"/product/fxcore100-ea-special-set-files","/product/fxcore100-ea/","301","plain"
"/product/tj10x-trend-indicator","/product/golden-deer-holy-grail-indicator/","301","plain"
"/product/millionaire-gold-elephant-pro-max-ea","/product/mythos-epic-ea-ai-gold-scalper-for-mt5/","301","plain"
"/product/advance-forex-trend-trading-course","/product/golden-deer-holy-grail-indicator/","301","plain"
"/product/millionaire-maximum-scalper-pro-ea","/product/obsidian-aether-eurusd-ea-ai-grid-scalper-for-mt5/","301","plain"
"/product/forex-profit-ribbon-indicator","/product/golden-deer-holy-grail-indicator/","301","plain"
"/product/forex-isha-indicator-system-buy-sell-signal-indicator","/product/golden-deer-holy-grail-indicator/","301","plain"
"/category/forex-education","/blog/","301","plain"
"/category/forex-trading-strategy","/blog/","301","plain"
"/category/forex-ea-review","/product/obsidian-aether-eurusd-ea-ai-grid-scalper-for-mt5/","301","plain"
"/product-category/course","/shop/","301","plain"
"/product-category/indicator/free-indicator","/product/golden-deer-holy-grail-indicator/","301","plain"
"/product-category/forex-robot/optimized-set-files","/product/obsidian-aether-eurusd-ea-ai-grid-scalper-for-mt5/","301","plain"
"/product-category/indicator/trend-indicator","/product/golden-deer-holy-grail-indicator/","301","plain"
"/product-category/indicator/premium-indicator","/product/golden-deer-holy-grail-indicator/","301","plain"
"/product-category/indicator/non-repaint-indicator","/product/golden-deer-holy-grail-indicator/","301","plain"
"/product-category/books","/product/golden-deer-holy-grail-indicator/","301","plain"
"/scalper-2025-ea-forex-robot-free-download","/product/obsidian-aether-eurusd-ea-ai-grid-scalper-for-mt5/","301","plain"
"/rsi-arrows-ea-v4-forex-robot-free-download","/product/obsidian-aether-eurusd-ea-ai-grid-scalper-for-mt5/","301","plain"
"/top-10-effective-profitable-forex-advisors-in-2021","/blog/","301","plain"
"/winner-fx-pro-ea-free-download","/product/obsidian-aether-eurusd-ea-ai-grid-scalper-for-mt5/","301","plain"
"/category/mt4/expert-advisors","/blog/","301","plain"
"/best-forex-robot-2021-top-10-trading-bot-providers-for-beginners","/product/obsidian-aether-eurusd-ea-ai-grid-scalper-for-mt5/","301","plain"
"/product/lion-king-pro-mt4-indicator","/product/golden-deer-holy-grail-indicator/","301","plain"
"/foreign-exchange-forex","/blog/","301","plain"
"/jabrix-scalping-ea-free-download","/product/onix-stratos-xauusd-ea-ai-smart-scalper-for-mt5/","301","plain"
"/what-is-the-best-forex-ea-robot-in-2020","/product/onix-stratos-xauusd-ea-ai-smart-scalper-for-mt5/","301","plain"
"/forex-broker-micro-account","/best-forex-brokers/","301","plain"
"/forex-kingle-ea-forex-robot-free-download","/product/onix-stratos-xauusd-ea-ai-smart-scalper-for-mt5/","301","plain"
"/mg-pro-forex-robot","/product/onix-stratos-xauusd-ea-ai-smart-scalper-for-mt5/","301","plain"
"/forex-truck","/product/onix-stratos-xauusd-ea-ai-smart-scalper-for-mt5/","301","plain"
"/best-crypto-broker","/best-forex-brokers/","301","plain"
"/sniper-killer-indicator-free-download","/blog/","301","plain"
"/best-forex-broker-in-usa","/best-forex-brokers/","301","plain"
"/scalp-pro-indicator-free-download","/blog/","301","plain"
"/product/gold-coral-ea","/blog/","301","plain"
"/forex-fury-v2-ea-forex-robot-free-download","/blog/","301","plain"
"/bkk-scalper-ea","/blog/","301","plain"
"/product/full-trend-trading-course","/product/golden-deer-holy-grail-indicator/","301","plain"
"/happy-martigrid","/product/onix-stratos-xauusd-ea-ai-smart-scalper-for-mt5/","301","plain"
"/product/ftmo-ea","/product/onix-stratos-xauusd-ea-ai-smart-scalper-for-mt5/","301","plain"
"/apex-scalper-ea","/product/onix-stratos-xauusd-ea-ai-smart-scalper-for-mt5/","301","plain"
"/product/gold-hedge-ea-v2-forex-robot","/product/onix-stratos-xauusd-ea-ai-smart-scalper-for-mt5/","301","plain"
"/ultimatum-breakout-forex-robot","/product/onix-stratos-xauusd-ea-ai-smart-scalper-for-mt5/","301","plain"
"/category/mt4","/brand/mt4/","301","plain"
"/kiss-on-billions-forex-robot-free-download","/product/onix-stratos-xauusd-ea-ai-smart-scalper-for-mt5/","301","plain"
"/swing-vip-forex-robot","/product/onix-stratos-xauusd-ea-ai-smart-scalper-for-mt5/","301","plain"
"/trusted-forex-broker","/best-forex-brokers/","301","plain"
"/download-files","/product-category/gold-forex-ea/","301","plain"
"/fx-hacked-ea","/product-category/gold-forex-ea/","301","plain"
"/product/billionaire-trend-pro-ea","/product-category/gold-forex-ea/","301","plain"
"/uranus-indicator","/product-category/gold-forex-ea/","301","plain"
"/hamster-scalping-forex-robot","/product-category/gold-forex-ea/","301","plain"
"/silicon-falcon-ea","/product-category/gold-forex-ea/","301","plain"
"/happy-frequency-forex-robot","/product-category/gold-forex-ea/","301","plain"
"/fx-venom-indicator","/product-category/gold-forex-ea/","301","plain"
"/do-it-ea-free-download","/product-category/gold-forex-ea/","301","plain"
"/ilan-dynamic-pro-forex-robot","/product-category/gold-forex-ea/","301","plain"
"/which-forex-robot-is-the-most-profitable","/product-category/gold-forex-ea/","301","plain"
"/koi-trader-pro-forex-robot-free-download","/product-category/gold-forex-ea/","301","plain"
"/category/bitcoin","/brand/mt5/","301","plain"
"/wallstreet-evolution","/brand/mt5/","301","plain"
"/dark-slide-ea","/brand/mt5/","301","plain"
"/fx-trendroid-ea","/brand/mt5/","301","plain"
"/fund-management-service","/copy-trading/","301","plain"
"/xfx-ea-forex-robot","/product-category/forex-robot/","301","plain"
"/panda-averaging-forex-robot","/product-category/forex-robot/","301","plain"
"/ea-smoke","/product-category/forex-robot/","301","plain"
"/power-scalping-free-mt4-ea","/product-category/forex-robot/","301","plain"
"/infinite-storm-ea","/product-category/forex-robot/","301","plain"
"/exp-ticksniper-pro-ea","/product-category/forex-robot/","301","plain"
"/fibonacci-mt4-ea-free-download","/product-category/forex-robot/","301","plain"
"/titanx-indicator","/product/obsidian-aether-eurusd-ea-ai-grid-scalper-for-mt5/","301","plain"
"/pirate-one-forex-robot-free-download","/product/obsidian-aether-eurusd-ea-ai-grid-scalper-for-mt5/","301","plain"
"/red-dragon-forex-robot-free-download","/product/obsidian-aether-eurusd-ea-ai-grid-scalper-for-mt5/","301","plain"
"/decimus-indicator","/product/obsidian-aether-eurusd-ea-ai-grid-scalper-for-mt5/","301","plain"
"/force-runner-ea","/product/obsidian-aether-eurusd-ea-ai-grid-scalper-for-mt5/","301","plain"
"/smartfx-ultimate-ea-professional-scalper-free-download","/product/obsidian-aether-eurusd-ea-ai-grid-scalper-for-mt5/","301","plain"
"/velocity-ea","/product/obsidian-aether-eurusd-ea-ai-grid-scalper-for-mt5/","301","plain"
"/cyborg-ea","/product/obsidian-aether-eurusd-ea-ai-grid-scalper-for-mt5/","301","plain"
"/acrobat-fx-ea","/product/obsidian-aether-eurusd-ea-ai-grid-scalper-for-mt5/","301","plain"
"/daxbot-ea","/product/obsidian-aether-eurusd-ea-ai-grid-scalper-for-mt5/","301","plain"
"/leprechaun-ea-free-download","/product/obsidian-aether-eurusd-ea-ai-grid-scalper-for-mt5/","301","plain"
"/mg-pro-ea-forex-robot-free-download","/product/obsidian-aether-eurusd-ea-ai-grid-scalper-for-mt5/","301","plain"
"/flex-ea","/product/obsidian-aether-eurusd-ea-ai-grid-scalper-for-mt5/","301","plain"
"/hedging-forex-ea","/product/obsidian-aether-eurusd-ea-ai-grid-scalper-for-mt5/","301","plain"
"/product/tiger-x-pro-ea","/product/obsidian-aether-eurusd-ea-ai-grid-scalper-for-mt5/","301","plain"
"/ea-scalper-web-v3-10-forex-robot-unlimited-version-free-download","/product/obsidian-aether-eurusd-ea-ai-grid-scalper-for-mt5/","301","plain"
"/fx-classic-trader","/product/obsidian-aether-eurusd-ea-ai-grid-scalper-for-mt5/","301","plain"
"/moving-average-trading-strategy","/product/obsidian-aether-eurusd-ea-ai-grid-scalper-for-mt5/","301","plain"
"/gold-catcher-ea","/product/obsidian-aether-eurusd-ea-ai-grid-scalper-for-mt5/","301","plain"
"/breakout-multicurrency-ea","/product/obsidian-aether-eurusd-ea-ai-grid-scalper-for-mt5/","301","plain"
"/forex-expert-advisors-rating-best-forex-robots-2021","/product/obsidian-aether-eurusd-ea-ai-grid-scalper-for-mt5/","301","plain"
"/crown-prince-forex-robot-free-download","/product/obsidian-aether-eurusd-ea-ai-grid-scalper-for-mt5/","301","plain"
"/product/forex-hacked-pro-ea-v2-5-forex-robot","/product/obsidian-aether-eurusd-ea-ai-grid-scalper-for-mt5/","301","plain"
"/multihedge-ea","/product/equinox-cosmos-ea-ai-gbpjpy-scalper-for-mt5/","301","plain"
"/swing-trading-strategies","/product/equinox-cosmos-ea-ai-gbpjpy-scalper-for-mt5/","301","plain"
"/babe-blade-algo-forex-robot-free-download","/product/equinox-cosmos-ea-ai-gbpjpy-scalper-for-mt5/","301","plain"
"/hamster-grid-ea-free-download","/product/equinox-cosmos-ea-ai-gbpjpy-scalper-for-mt5/","301","plain"
"/fx-fortnite-ea","/product/equinox-cosmos-ea-ai-gbpjpy-scalper-for-mt5/","301","plain"
"/money-pile-forex-robot-free-download","/product/equinox-cosmos-ea-ai-gbpjpy-scalper-for-mt5/","301","plain"
"/product/geen-day-ea-v2-0-forex-robot","/product/equinox-cosmos-ea-ai-gbpjpy-scalper-for-mt5/","301","plain"
"/bar-ea-ipro","/product/equinox-cosmos-ea-ai-gbpjpy-scalper-for-mt5/","301","plain"
"/pfx-scalper-ea","/product/equinox-cosmos-ea-ai-gbpjpy-scalper-for-mt5/","301","plain"
"/hunter-scalper-ea-free-download","/product/equinox-cosmos-ea-ai-gbpjpy-scalper-for-mt5/","301","plain"
"/ea-willy-free-download","/product/equinox-cosmos-ea-ai-gbpjpy-scalper-for-mt5/","301","plain"
"/product/penguin-multi-ea","/product/equinox-cosmos-ea-ai-gbpjpy-scalper-for-mt5/","301","plain"
"/close-all-ea-free-download","/product/equinox-cosmos-ea-ai-gbpjpy-scalper-for-mt5/","301","plain"
"/gs-spider-ea","/product/zenith-matrix-ea-ai-gold-scalper-for-mt5/","301","plain"
"/gold-stuff-ea-forex-robot-free-download","/product/obsidian-aether-eurusd-ea-ai-grid-scalper-for-mt5/","301","plain"
"/ea-vst-v5","/product/zenith-matrix-ea-ai-gold-scalper-for-mt5/","301","plain"
"/dragon-expert-ea","/product/obsidian-aether-eurusd-ea-ai-grid-scalper-for-mt5/","301","plain"
"/profitable-support-and-resistance-mt4-indicator-free-download","/product/zenith-matrix-ea-ai-gold-scalper-for-mt5/","301","plain"
"/product/millionaire-gold-miner-pro-ea","/product/zenith-matrix-ea-ai-gold-scalper-for-mt5/","301","plain"
"/black-diamond-forex-robot-free-download","/blog/","301","plain"
"/panther-trader-pro-ea","/blog/","301","plain"
"/are-there-profitable-eas","/blog/","301","plain"
"/impulse-market-ea","/blog/","301","plain"
"/recent-strength-indicator-unlimited-version-free-download","/product/golden-deer-holy-grail-indicator/","301","plain"
"/spy-expert-ea-v1-26-forex-robot-unlimited-version-free-download","/blog/","301","plain"
"/muralert-indicator-unlimited-version-free-download","/product/golden-deer-holy-grail-indicator/","301","plain"
"/my-forex-blend-indicator-unlimited-version-free-download","/product/golden-deer-holy-grail-indicator/","301","plain"
"/nano-trader-fx-indicator-unlimited-version-free-download","/product/golden-deer-holy-grail-indicator/","301","plain"
"/double-rsi-ea-forex-robot-unlimited-version-free-download","/blog/","301","plain"
"/volatility-quality-zero-line-indicator-unlimited-version-free-download","/blog/","301","plain"
"/simple-renko-chart-scalping-system-indicator-unlimited-version-free-download","/blog/","301","plain"
"/multi-parabolic-sar-indicator-unlimited-version-free-download","/blog/","301","plain"
"/mbfx-timing-indicator-unlimited-version-free-download","/blog/","301","plain"
"/keltner-channel-and-bollinger-bands-reversal-template-and-indicator-unlimited-version-free-download","/blog/","301","plain"
"/ancrux-ea-forex-robot-unlimited-version-free-download","/blog/","301","plain"
"/difference-between-buy-sell-stops-buy-sell-limit-order","/blog/","301","plain"
"/obv-divergence-indicator-unlimited-version-free-download","/blog/","301","plain"
"/kg-wave-trigger-indicator-unlimited-version-free-download","/blog/","301","plain"
"/king-doublesniake-trigger-indicator-unlimited-version-free-download","/product/elysium-vortex-eurcad-ea-ai-eurcad-scalper-for-mt5/","301","plain"
"/wise-ea-forex-robot-unlimited-version-free-download","/product/elysium-vortex-eurcad-ea-ai-eurcad-scalper-for-mt5/","301","plain"
"/kazi-indicator-unlimited-version-free-download","/product/elysium-vortex-eurcad-ea-ai-eurcad-scalper-for-mt5/","301","plain"
"/infinite-breakout-hedge-ea-forex-robot-unlimited-version-free-download","/product/elysium-vortex-eurcad-ea-ai-eurcad-scalper-for-mt5/","301","plain"
"/top-master-ea-v2-14-forex-robot-unlimited-version-free-download","/product/elysium-vortex-eurcad-ea-ai-eurcad-scalper-for-mt5/","301","plain"
"/secrets-of-successful-trading","/copy-trading/","301","plain"
"/cure-your-trading-problems-by-admitting-you-have-them-all","/product/apex-quant-ea-ai-bitcoin-scalper-for-mt5/","301","plain"
"/how-do-you-learn-the-art-of-feeling-the-market","/product/apex-quant-ea-ai-bitcoin-scalper-for-mt5/","301","plain"
"/7-rookie-mistakes-that-kill-your-trading-account","/product/apex-quant-ea-ai-bitcoin-scalper-for-mt5/","301","plain"
"/ultimate-guide-to-the-connors-rsi-crsi-indicator","/product/apex-quant-ea-ai-bitcoin-scalper-for-mt5/","301","plain"
"/assar-elite-pro-ea","/product/apex-quant-ea-ai-bitcoin-scalper-for-mt5/","301","plain"
"/category/become-a-billionaire","/blog/","301","plain"
"/nd10x-indicator","/product/golden-deer-holy-grail-indicator/","301","plain"
"/download-best-forex-trend-mt4-indicator-free","/product/golden-deer-holy-grail-indicator/","301","plain"
"/category/forex-trading","/blog/","301","plain"
"/professional-ea","/blog/","301","plain"
"/wolfe-wave-pattern-analysis-and-strategy","/blog/","301","plain"
"/product/billionaire-bitcoin-crypto-trading-robot","/product/apex-quant-ea-ai-bitcoin-scalper-for-mt5/","301","plain"
"/4-ways-to-avoid-being-influenced-by-recency-bias","/blog/","301","plain"
"/analyzing-market-breadth-with-the-advance-decline-line","/blog/","301","plain"
"/how-to-immediately-become-a-successful-trader","/blog/","301","plain"
"/shust-robot-ea","/product/fxcore100-ea/","301","plain"
"/masterscalper-pro-ftmo-ea-forex-robot-free-download","/product/fxcore100-ea/","301","plain"
"/millionaire-forex-robot","/product/fxcore100-ea/","301","plain"
"/best-mt4-trade-manager-ea","/product/fxcore100-ea/","301","plain"
"/8-signs-youre-treating-trading-as-a-business","/product/fxcore100-ea/","301","plain"
"/comparison","/product/fxcore100-ea/","301","plain"
"/what-the-doji-candlestick-pattern-reveals","/product/fxcore100-ea/","301","plain"
"/how-to-deal-with-trading-boredom","/blog/","301","plain"
"/the-importance-of-managing-trading-expectations","/blog/","301","plain"
"/how-to-trade-currency-using-a-grid-strategy","/blog/","301","plain"
"/dj-market-indicator-free-download","/blog/","301","plain"
"/why-do-you-keep-making-stupid-trades","/blog/","301","plain"
"/using-price-action-to-listen-to-the-market","/blog/","301","plain"
"/how-to-unlock-your-full-trading-potential","/product/ava-aigpt5-ea/","301","plain"
"/5-top-forex-trading-systems-for-mt4","/product/ava-aigpt5-ea/","301","plain"
"/is-information-overload-drowning-your-trading-success","/product/ava-aigpt5-ea/","301","plain"
"/best-forex-trading-course-beginners-advanced-reviews-2022","/product/ava-aigpt5-ea/","301","plain"
"/10-best-indicators-for-day-trading-in-2022","/product/ava-aigpt5-ea/","301","plain"
"/when-can-you-trade-based-on-your-trading-instinct","/product/ava-aigpt5-ea/","301","plain"
"/what-is-forex-hedging-and-how-do-you-use-it","/product/ava-aigpt5-ea/","301","plain"
"/3-reasons-why-theres-no-holy-grail-in-forex-trading","/product/ava-aigpt5-ea/","301","plain"
"/how-to-use-bollinger-bands-for-technical-analysis","/product/golden-deer-holy-grail-indicator/","301","plain"
"/product/robot-indicator-installation-via-teamviewer","/product/golden-deer-holy-grail-indicator/","301","plain"
"/category/mt4/indicators","/product/golden-deer-holy-grail-indicator/","301","plain"
"/how-to-place-order","/blog/","301","plain"
"/viper-scanner-indicator","/product/golden-deer-holy-grail-indicator/","301","plain"
"/from-broke-to-billions-5-strategies-these-billionaires-used-to-get-rich","/product/golden-deer-holy-grail-indicator/","301","plain"
"/fx-blaster-pro-forex-robot","/blog/","301","plain"
"/product/millionaire-euro-scalper-pro-ea","/blog/","301","plain"
"/product/millionaire-pound-scalper-pro-ea","/blog/","301","plain"
"/news-big-movement-ea","/blog/","301","plain"
"/happy-market-hours","/blog/","301","plain"
"/what-is-forex-and-how-does-it-work","/blog/","301","plain"
"/what-is-the-best-ea-for-forex","/blog/","301","plain"
"/kingle-hedger-ea","/product/nexora-manus-ea-ai-gold-scalper-for-mt5/","301","plain"
"/pattern-finder-indicator","/product/nexora-manus-ea-ai-gold-scalper-for-mt5/","301","plain"
"/yeti-forex-robot","/product/nexora-manus-ea-ai-gold-scalper-for-mt5/","301","plain"
"/category/indicators","/product/nexora-manus-ea-ai-gold-scalper-for-mt5/","301","plain"
"/shark-trend-indicator","/blog/","301","plain"
"/most-downloaded-trading-tools-2020-2021","/product/forex-vps/","301","plain"
"/tag/mt4-ea","/brand/mt4/","301","plain"
"/miea-ea","/product/forex-vps/","301","plain"
"/gold-rush-mt4-ea","/product/forex-vps/","301","plain"
"/trillionaire-ea","/product/forex-vps/","301","plain"
"/category/expert-advisors","/product-category/forex-robot/","301","plain"
"/combo-system-ea","/blog/","301","plain"
"/golden-cross-trading-strategy","/blog/","301","plain"
"/the-great-paradox-of-trading","/blog/","301","plain"
"/product/breakout-multicurrency-ea","/blog/","301","plain"
"/1-minute-scalping-indicator","/product/forex-vps/","301","plain"
"/product/all-free-fx-bundle","/product/2000-trading-tools/","301","plain"
"/bitcoin-quantum-computing","/product/2000-trading-tools/","301","plain"
"/product/advance-elliott-wave-trading-course","/product/2000-trading-tools/","301","plain"
"/product/af-investing-ea","/product/2000-trading-tools/","301","plain"
"/product/thunderbird-ea","/product/2000-trading-tools/","301","plain"
"/fxstabilizer-forex-robot-free-download","/product/2000-trading-tools/","301","plain"
"/pandorum-indicator","/product/2000-trading-tools/","301","plain"
"/price-action-ea-free-download","/product/2000-trading-tools/","301","plain"
"/category/forex-trading-tips","/blog/","301","plain"
"/is-tradingview-the-best-charting-platform","/blog/","301","plain"
"/how-do-i-install-an-expert-advisor-on-mt4","/how-to-install-mt4-expert-advisor-on-windows-7-powerful-steps-for-fast-easy-setup/","301","plain"
"https://www.investopedia.com","/blog/","301","plain"
"/category/mt4-mt5-expert-advisors/ea-installation-setup","/category/installation-setup/","301","plain"
"https://www.investopedia.com/","/blog/","301","plain"
"https://www.myfxbook.com/members/Bestmt4ea/onix-stratos-xauusd-ea-ai/12106628","https://www.myfxbook.com/members/Bestmt4ea/onix-stratos-xauusd-ea-ai/12144557","301","plain"
"/product/forex-vps","/product/vps/","301","plain"
"/best-mt4-indicators-for-us30-trading-top-10-powerful-tools-for-precision-profitability","/top-10-best-mt4-indicators-for-gold-xauusd-powerful-tools-for-accurate-trading/","301","plain"
"/zenith-protocol-forex-ea-reviews-7-powerful-truths-you-must-know-before-investing","/zenith-protocol-forex-ea-reviews-7-powerful-truths-every-trader-must-know/","301","plain"
"/best-ea-for-prop-firm-challenge-passing","/prop-firm-ea-free-download-7-powerful-truths-every-trader-must-know/","301","plain"
"/🚀-smart-money-engine-by-willyalgotrader-forex-indicator-reviews-powerful-truth-7-shocking-insights","/category/forex-indicator-reviews/","301","plain"
"/happy-frequency-ea-review-is-it-still-profitable","/category/forex-ea-reviews/","301","plain"
"/daily-pips-hunter-trading-strategy-mt4-free-download-powerful-profitable-guide","/gold-hitter-ea-mt4-free-download-powerful-2026-guide-to-safe-setup-profitable-trading/","301","plain"
"/📊-forex-ict-indicator-for-mt4-free-download-powerful-proven-trading-tool","/cpr-forex-indicator-for-mt4-free-download-7-powerful-benefits-proven-trading-secrets/","301","plain"
"/how-to-disable-mt4-ea-during-news-events-9-powerful-methods-for-safer-trading","/10-powerful-ways-to-use-news-time-trading-disable-ea-automatically-for-safer-forex-trading/","301","plain"
"/forex-pip-killer-ea-free-download-7-powerful-truths-you-must-know-before-installing","/category/free-forex-ea/","301","plain"
"/trio-dancer-ea-free-download-7-powerful-truths-you-must-know-before-installing","/category/free-forex-ea/","301","plain"
"/vortex-gold-ea-forex-ea-reviews-7-powerful-truths-you-must-know-before-investing","/category/mt4-mt5-expert-advisors/ea-reviews-comparisons/","301","plain"
"/7-powerful-ways-to-fix-ea-works-on-demo-not-on-live-mt4-fix-problems-for-real-profits","/category/mt4-mt5-expert-advisors/ea-settings-optimization/","301","plain"
"/7-powerful-strategies-to-use-a-gold-xauusd-scalping-robot-best-risk-to-reward","/xauusd-trading-robot-free-download-7-powerful-secrets-to-maximize-gold-profits-safely/","301","plain"
"/hijack-ea-fast-scalper-ea-free-download-powerful-secrets-honest-review-7-proven-benefits","/category/free-forex-ea/","301","plain"
"/multi-timeframe-high-low-indicator-mt4-mt5-free-download-powerful-guide-with-7-smart-trading-benefits","/order-blocks-indicator-for-mt4-mt5-free-download-7-powerful-benefits-smart-traders-cant-ignore/","301","plain"
"/📊-vwap-bands-mt5-forex-indicator-free-download-powerful-proven-tool-for-smarter-trading","/nexus-6-0-binary-indicator-free-download-powerful-proven-trading-tool-guide/","301","plain"
"/eagle-scalper-free-download-7-powerful-facts-you-must-know-before-installing","/category/mt4-mt5-expert-advisors/ea-reviews-comparisons/","301","plain"
"/entry-point-forex-trend-indicator-free-download-tutorial-complete-guide","/forex-millionaire-indicator-free-download-7-powerful-truths-you-must-know-before-installing/","301","plain"
"/forex-jupiter-the-most-accurate-trend-indicator-free-download","/forex-viking-most-profitable-indicator-free-download-7-powerful-reasons-traders-love-it/","301","plain"
"/mt4-ea-not-working-after-update-fix-best-proven-solutions","/category/mt4-mt5-expert-advisors/","301","plain"
"/adaptive-renko-cld-mt5-forex-indicator-free-download-powerful-safe-simple-guide-7-must-know-steps","/category/ai-powered-trading-tools/ai-trading-indicators/","301","plain"
"/xauusd-sniper-ea-free-download-7-powerful-truths-you-must-know-before-installing","/scalper-xauusd-ea-free-download-7-powerful-truths-you-must-know-before-installing/","301","plain"
"/private-wealth-robot-pwr-nasdaq-ea-the-ultimate-7-powerful-insights-for-smart-traders","/🌊-neptune-ea-forex-ea-reviews-7-powerful-truths-every-trader-must-know/","301","plain"
"/📈-trend-breakout-lines-indicator-free-download-powerful-proven-guide-for-smart-traders","/category/free-forex-indicator/","301","plain"
"/hx-trader-mt4-forex-indicator-free-download-powerful-proven-trading-tool","/cpr-forex-indicator-for-mt4-free-download-7-powerful-benefits-proven-trading-secrets/","301","plain"
"/sam-trendblaster-non-repaint-forex-indicator-7-powerful-benefits-that-transform-your-trading-strategy","/cpr-forex-indicator-for-mt4-free-download-7-powerful-benefits-proven-trading-secrets/","301","plain"
"/ea-game-changer-forex-ea-reviews-7-powerful-truths-every-trader-must-know","/category/forex-ea-reviews/","301","plain"
"/arbitrage-scanner-forex-indicator-free-download-7-powerful-benefits-every-trader-must-know","/cap-channel-forex-indicator-free-download-7-powerful-benefits-every-trader-must-know/","301","plain"
"/best-forex-scalper-indicator-system-free-download-11-powerful-tools-for-fast-safer-entries-no-nonsense-guide","/top-7-best-free-forex-scalper-ea-for-mt4-download/","301","plain"
"/best-order-block-indicator-tradingview","/best-free-alternatives-to-tradingview-for-custom-indicators/","301","plain"
"/best-gold-ea-free-download-the-ultimate-guide-to-safe-smart-trading","/gold-cycle-trader-ea-free-download-7-powerful-secrets-smart-traders-must-know/","301","plain"
"/gold-scalping-pecker-ea-free-download-powerful-guide-with-7-proven-insights","/gold-high-frequency-scalping-ea-free-download-7-powerful-truths-you-must-know-before-installing/","301","plain"
"/📊-orderbook-indicator-mt4-mt5-free-download-powerful-proven-trading-edge","/cpr-forex-indicator-for-mt4-free-download-7-powerful-benefits-proven-trading-secrets/","301","plain"
"/fxcore100-ea-47-powerful-insights-settings-strategies-for-smarter-forex-trading","/gold-hitter-ea-mt4-free-download-powerful-2026-guide-to-safe-setup-profitable-trading/","301","plain"
"/gold-mining-ea-free-download-7-powerful-benefits-honest-review-setup-guide","/gold-cycle-trader-ea-free-download-7-powerful-secrets-smart-traders-must-know/","301","plain"
"/breakout-scalping-robot-mt4-free-download-7-powerful-benefits-smart-setup-guide","/🚀-master-scalping-trading-system-mt4-free-download-ultimate-proven-guide-7-powerful-benefits/","301","plain"
"/candlestick-ea-free-download-7-powerful-benefits-safe-installation-guide-for-smart-traders","/usdjpy-safe-expert-advisor-free-download-7-powerful-benefits-smart-setup-guide/","301","plain"
"/hft-robot-free-download-7-powerful-truths-you-must-know-before-installing","/category/ai-powered-trading-tools/","301","plain"
"/pac-man-free-mt4-ea-download-powerful-proven-trading-boost-step-by-step-guide","/category/mt4-mt5-expert-advisors/ea-reviews-comparisons/","301","plain"
"/📊-trade-history-indicator-mt4-mt5-free-download-7-powerful-benefits-every-trader-must-know","/order-blocks-indicator-for-mt4-mt5-free-download-7-powerful-benefits-smart-traders-cant-ignore/","301","plain"
"/boom-and-crash-indicator-system-mt5-free-download-7-powerful-secrets-to-maximize-profits-safely","/🚀-boom-and-crash-mt5-indicator-free-download-7-powerful-benefits-every-trader-must-know/","301","plain"
"/gold-house-forex-ea-reviews-7-powerful-insights-you-must-know-before-investing","/category/mt4-mt5-expert-advisors/ea-reviews-comparisons/","301","plain"
"/orb-revolution-forex-ea-reviews-7-powerful-truths-every-trader-must-know","/category/forex-ea-reviews/","301","plain"
"/best-mt4-trend-indicator-system-free-download-powerful-7-step-setup-for-smarter-trading","/📈-pro-trend-line-indicator-free-download-7-powerful-benefits-every-trader-must-know/","301","plain"
"/dark-point-forex-indicator-free-download-the-ultimate-powerful-guide","/forex-millionaire-indicator-free-download-7-powerful-truths-you-must-know-before-installing/","301","plain"
"/best-scalping-forex-indicator-mt4-free-download-proven-safe-and-simple-11-must-know-picks","/murasaki-scalper-free-download-powerful-secrets-every-trader-must-know-before-installing/","301","plain"
"/7-powerful-ways-a-free-qqe-indicator-with-alerts-for-trend-confirmation-can-transform-your-trading","/category/installation-setup/","301","plain"
"/forex-hacked-ea-free-download-the-shocking-truth-7-hidden-risks-safer-alternatives","/category/free-forex-ea/","301","plain"
"/odin-forex-robot-ea-free-download-powerful-truths-7-smart-facts-before-you-install","/forex-smc-indicator-for-mt4-free-download-powerful-7-step-guide-to-install-trade-smarter/","301","plain"
"/ftmo-passing-ea-free-download-powerful-secrets-to-pass-your-challenge-fast","/category/free-forex-ea/","301","plain"
"/revolution-premium-forex-ea-free-download-powerful-7-step-guide-to-smart-automated-trading-success","/forex-plutus-best-premium-indicator-free-download-7-powerful-reasons-traders-love-it/","301","plain"
"/supply-demand-ea-free-download-7-powerful-benefits-safe-setup-guide","/supply-and-demand-indicator-for-mt4-no-repaint/","301","plain"
"/ultimate-forex-expert-advisor-v1-81-free-download-powerful-automated-trading-secrets-revealed","/monopolist-scalping-expert-advisor-free-download-powerful-7-step-guide-to-smart-forex-profits/","301","plain"
"/mpx-scalper-free-forex-indicator-download-shocking-truth-11-safe-steps","/cryo-scalper-indicator-free-download-powerful-guide-to-boost-your-trading-profits-fast/","301","plain"
"/profit-spiking-system-perfect-mt4-indicator-free-download-7-powerful-reasons-traders-love-it","/non-repainting-mt4-trading-system-free-download-powerful-proven-strategy-in-2026/","301","plain"
"/jazib-eagle-v5-binary-options-mt4-indicator-free-download-powerful-proven-trading-tool","/binary-options-signals-indicator-mt4-free-download-powerful-proven-guide/","301","plain"
"/target-bands-forex-indicator-free-download-7-powerful-benefits-every-trader-must-know","/cap-channel-forex-indicator-free-download-7-powerful-benefits-every-trader-must-know/","301","plain"
"/engulfing-pattern-forex-indicator-free-download-7-powerful-benefits-every-trader-must-know","/cap-channel-forex-indicator-free-download-7-powerful-benefits-every-trader-must-know/","301","plain"
"/sfi-indicator-free-download","/category/free-forex-indicator/","301","plain"
"/🔥-liquidity-zone-pattern-scanner-indicator-free-download-powerful-trading-tool","/category/ai-powered-trading-tools/ai-trading-indicators/","301","plain"
"/three-bar-reversal-pattern-forex-indicator-free-download-powerful-proven-strategy-with-7-expert-tips","/category/free-forex-indicator/","301","plain"
"/scalper-inside-pro-c7-forex-indicator-free-download-7-powerful-benefits-every-trader-must-know","/best-scalping-indicator-scalper-inside-v7-9-free-download-7-powerful-reasons-traders-love-it/","301","plain"
"/vortex-turbo-ea-forex-ea-reviews-7-powerful-insights-every-trader-must-know","/category/forex-ea-reviews/","301","plain"
"/how-to-trade-with-trend-magic-indicator-free-download-ultimate-guide-pro-tips","/📈-pro-trend-line-indicator-free-download-7-powerful-benefits-every-trader-must-know/","301","plain"
"/best-free-supertrend-indicator-for-mt5","/🚀-boom-and-crash-mt5-indicator-free-download-7-powerful-benefits-every-trader-must-know/","301","plain"
"/buyside-sellside-liquidity-indicator-mt4-free-download-powerful-trading-edge-revealed","/buyside-sellside-liquidity-indicator-free-download-powerful-guide-to-smart-trading-success/","301","plain"
"/vold-fast-scalping-ea-free-download-powerful-7-step-guide-to-safe-smart-installation","/category/free-forex-ea/","301","plain"
"/gold-pro-ea-free-download-powerful-proven-guide-to-safe-access-7-critical-facts","/fxstabilizer-pro-ea-free-download-7-powerful-truths-every-trader-must-know-before-installing/","301","plain"
"/market-structure-all-in-one-indicator-free-download-the-ultimate-powerful-guide","/bos-and-choch-market-structure-indicator-free-download-ultimate-proven-guide-for-smart-traders/","301","plain"
"/arbitrage-mtf-forex-indicator-mt5-free-download-the-smart-safe-simple-7-step-guide","/category/free-forex-indicator/","301","plain"
"/ea-gold-algo-forex-ea-reviews-7-powerful-truths-every-trader-must-know","/the-gold-reaper-forex-ea-reviews-powerful-truths-7-critical-insights-before-you-invest/","301","plain"
"/quantum-fx-ea-free-download-7-powerful-facts-you-must-know-before-installing","/quantum-algo-trading-ea-free-download-powerful-proven-automated-strategy/","301","plain"
"/bollinger-bands-trader-indicator-free-download-powerful-proven-strategy-guide","/category/free-forex-indicator/","301","plain"
"/forexcracked-trend-breath-indicator-free-download-powerful-proven-strategy-guide","/📈-gold-trend-mt4-indicator-free-download-7-powerful-benefits-every-trader-must-know/","301","plain"
"/binary-circle-indicator-free-download-guide-visual-overview","/binary-options-signals-indicator-mt4-free-download-powerful-proven-guide/","301","plain"
"/fx-hunter-free-download-7-powerful-benefits-safe-installation-guide","/usdjpy-safe-expert-advisor-free-download-7-powerful-benefits-smart-setup-guide/","301","plain"
"/wave-trend-oscillator-free-download-powerful-proven-guide-with-5-smart-trading-secrets","/ai-trend-booster-ea-free-download-powerful-proven-trading-advantage-guide/","301","plain"
"/auto-pivot-points-indicator-mt4-mt5-free-download-powerful-accurate-trading-tool","/renko-street-indicator-free-download-powerful-accurate-trading-tool-guide/","301","plain"
"/red-fox-ea-the-ultimate-powerful-forex-robot-review-7-shocking-truths","/category/free-forex-ea/","301","plain"
"/non-repainting-divergence-indicator-settings-for-forex-trading-strategies","/non-repainting-mt4-trading-system-free-download-powerful-proven-strategy-in-2026/","301","plain"
"/robot-for-gold-trading-mt4-ea-free-download-7-powerful-secrets-to-maximize-profits-safely","/top-10-best-mt4-indicators-for-gold-xauusd-powerful-tools-for-accurate-trading/","301","plain"
"/dark-point-forex-indicator-mt4-free-download-powerful-proven-trading-secret","/forex-scanner-pro-indicator-system-for-mt4-free-download-ultimate-powerful-guide-setup/","301","plain"
"/xaubot-free-mt4-ea-download-7-powerful-benefits-traders-must-know","/pip-scalper-ea-mt4-free-download-7-powerful-benefits-and-smart-setup-guide/","301","plain"
"/📈-forex-smart-grid-ea-free-download-powerful-guide-with-safe-insights","/category/mt4-mt5-expert-advisors/ea-reviews-comparisons/","301","plain"
"/🤖-bitcoin-wizard-scalping-bitcoin-robot-free-download-guide","/category/ai-powered-trading-tools/ai-ea-reviews/","301","plain"
"/extreme-spike-mtf-forex-indicator-free-download-powerful-guide-to-smarter-forex-profits","/elliot-fibonacci-forex-indicator-free-download-7-powerful-secrets-to-maximize-profits/","301","plain"
"/all-in-one-order-block-indicator-free-download-7-powerful-benefits-every-trader-must-know","/cpr-forex-indicator-for-mt4-free-download-7-powerful-benefits-proven-trading-secrets/","301","plain"
"/swing-point-highs-and-lows-forex-indicator-free-download-7-powerful-trading-secrets-for-explosive-results","/category/free-forex-indicator/","301","plain"
"/currency-strength-meter-forex-indicator-mt4-free-download-powerful-safe-simple-7-step-guide","/🏆-best-currency-strength-meter-indicator-free-download-powerful-proven-picks/","301","plain"
"/advanced-scalper-forex-ea-mt4-free-download-7-powerful-secrets-every-trader-must-know","/top-7-best-free-forex-scalper-ea-for-mt4-download/","301","plain"
"/nanotrader-fx-indicator-free-download-powerful-proven-guide-to-smarter-trading","/order-blocks-indicator-for-mt4-mt5-free-download-7-powerful-benefits-smart-traders-cant-ignore/","301","plain"
"/how-to-export-mt4-trade-history-to-csv-the-ultimate-step-by-step-guide","/ultimate-trade-assistant-free-download-7-powerful-benefits-every-trader-will-love/","301","plain"
"/renko-charts-setup-in-mt4-11-powerful-steps-to-master-this-trading-tool","/mft-trading-robot-mt4-free-download-7-powerful-facts-you-must-know-before-installing/","301","plain"
"/top-10-powerful-machine-learning-models-for-trading","/category/strategies-best-practices/","301","plain"
"/luxalgo-indicators-review-honest-pros-and-cons","/category/forex-indicator-reviews/","301","plain"
"/gold-trading-ea-for-prop-firm-free-download-safe-legal-proven-ways-to-get-one-7-step-guide","/gold-prop-firm-robot-free-download-7-powerful-secrets-to-maximize-funded-trading-success/","301","plain"
"/fx-fractal-mt4-forex-indicator-free-download-powerful-proven-7-step-trading-edge","/📈-pro-trend-line-indicator-free-download-7-powerful-benefits-every-trader-must-know/","301","plain"
"/volatility-factor-ea-free-download-7-powerful-facts-before-you-install-it","/category/mt4-mt5-expert-advisors/ea-reviews-comparisons/","301","plain"
"/best-forex-scalping-ea-free-download-7-powerful-truths-you-must-know-before-using-one","/category/free-forex-ea/","301","plain"
"/fibot-fibonacci-ea-free-download-7-powerful-truths-traders-must-know-before-installing","/category/mt4-mt5-expert-advisors/ea-reviews-comparisons/","301","plain"
"/hannah-ea-free-download-7-powerful-truths-you-must-know-before-installing","/category/mt4-mt5-expert-advisors/ea-reviews-comparisons/","301","plain"
"/quantum-ticks-ea-free-download-7-powerful-truths-every-trader-must-know","/category/mt4-mt5-expert-advisors/ea-reviews-comparisons/","301","plain"
"/fx-hunter-ea-free-download-powerful-guide-to-safe-smart-installation","/category/free-forex-ea/","301","plain"
"/us30-trading-bot-free-download-7-powerful-risky-truths-you-must-know-before-installing","/category/free-forex-ea/","301","plain"
"/forex-win-master-trading-indicator-system-free-download-7-powerful-secrets-to-boost-profits-fast","/gold-sniper-master-indicator-system-free-download-powerful-secrets-7-proven-trading-advantages/","301","plain"
"/quantum-trend-trading-indicator-free-download-7-powerful-benefits-every-trader-must-know","/📈-gold-trend-mt4-indicator-free-download-7-powerful-benefits-every-trader-must-know/","301","plain"
"/apex-triangle-indicator-free-download-7-powerful-benefits-every-trader-must-know","/automate-indicator-mt4-ea-free-download-7-powerful-benefits-every-trader-must-know/","301","plain"
"/super-signal-forex-indicator-mt4-free-download-powerful-proven-tool","/range-detector-indicator-mt4-mt5-free-download-powerful-7-step-guide-to-smarter-range-trading/","301","plain"
"/titan-scalper-ea-free-download-7-powerful-truths-every-trader-must-know-before-installing","/🚀-bitcoin-scalper-ea-free-download-powerful-guide-with-7-shocking-benefits-for-traders/","301","plain"
"/forex-armor-safe-mt4-ea-free-download-powerful-risk-controlled-trading-guid","/cpr-forex-indicator-for-mt4-free-download-7-powerful-benefits-proven-trading-secrets/","301","plain"
"/buy-sell-stop-buttons-forex-ea-robot-mt4-free-download-7-powerful-benefits-smart-setup-guide","/cpr-forex-indicator-for-mt4-free-download-7-powerful-benefits-proven-trading-secrets/","301","plain"
"/📈-momentum-arrows-indicator-free-download-powerful-accurate-trading-tool","/🚀-mt4-x-speed-forex-indicator-free-download-powerful-proven-guide/","301","plain"
"/mastering-the-impulse-macd-indicator-free-download-7-powerful-secrets-for-smarter-trading","/noble-impulse-v4-indicator-and-strategies-for-free-download-powerful-guide-9-proven-tactics/","301","plain"
"/gt-scalper-indicator-free-download-7-powerful-benefits-every-trader-must-know","/apex-scalper-metatrader-4-expert-advisor-free-download-7-powerful-benefits-every-trader-must-know/","301","plain"
"/ai-gold-prime-forex-ea-reviews-7-powerful-truths-you-must-know-before-investing","/bb-return-forex-ea-reviews-7-powerful-truths-every-trader-must-know-before-investing/","301","plain"
"/automatic-fibonacci-levels-by-willyalgotrader-forex-indicator-reviews-powerful-truth-7-must-know-insights","/category/mt4-mt5-expert-advisors/ea-reviews-comparisons/","301","plain"
"/yetti-v3-ea-free-download-7-powerful-facts-every-trader-must-know-before-installing","/category/free-forex-ea/","301","plain"
"/instantaneous-trend-line-levels-mt5-forex-indicator-free-download-powerful-proven-guide-7-must-know-benefits","/category/free-forex-indicator/","301","plain"
"/dragon-hft-scalping-indicator-strategy-free-download-7-powerful-truths-every-trader-must-know","/category/forex-trading-strategies/forex-scalping/","301","plain"
"/how-to-install-vertex-alerts-arrows-indicator-on-mt5-ultimate-step-by-step-guide","/vertex-alerts-arrows-indicator-free-download-powerful-proven-trading-boost-step-by-step-guide/","301","plain"
"/top-10-powerful-insights-into-dual-trendline-breakout-scalper-ea-backtest-results","/category/mt4-mt5-expert-advisors/ea-reviews-comparisons/","301","plain"
"/currency-strength-meter-indicator-mt4-complete-beginner-friendly-guide","/🏆-best-currency-strength-meter-indicator-free-download-powerful-proven-picks/","301","plain"
"/initial-balance-wave-map-pro-v6-by-soud971-forex-indicator-reviews-powerful-truth-7-game-changing-insights","/category/mt4-mt5-expert-advisors/ea-reviews-comparisons/","301","plain"
"/market-sessions-indicator-mt4-with-alerts-complete-beginner-friendly-guide","/🚀-mt4-x-speed-forex-indicator-free-download-powerful-proven-guide/","301","plain"
"/moho-turbo-ea-free-download-7-powerful-truths-every-trader-must-know-before-installing","/category/mt4-mt5-expert-advisors/ea-reviews-comparisons/","301","plain"
"/super-hedge-forex-robot-free-download-the-ultimate-truth-guide-7-powerful-insights-before-you-install","/category/mt4-mt5-expert-advisors/ea-reviews-comparisons/","301","plain"
"/trend-scalper-ea-free-download-7-powerful-facts-traders-must-know-before-installing","/🚀-bitcoin-scalper-ea-free-download-powerful-guide-with-7-shocking-benefits-for-traders/","301","plain"
"/fractal-support-and-resistance-indicator-free-download-powerful-7-step-guide-to-smarter-trading","/breakout-and-retest-scanner-indicator-free-download-7-powerful-secrets-to-smarter-trading/","301","plain"
"/smart-analyzer-advanced-indicator-free-download-7-powerful-benefits-every-trader-must-know","/automate-indicator-mt4-ea-free-download-7-powerful-benefits-every-trader-must-know/","301","plain"
"/chart-projection-forex-indicator-free-download-7-powerful-insights-every-trader-must-know","/forex-millionaire-indicator-free-download-7-powerful-truths-you-must-know-before-installing/","301","plain"
"/binary-comodo-mt4-indicatorfree-download-7-powerful-benefits-traders-must-know","/category/free-forex-indicator/","301","plain"
"/support-resistance-breakout-arrows-forex-indicator-mt4-free-download-negative-traps-powerful-9-step-safe-setup","/category/free-forex-indicator/","301","plain"
"/⚡-zeus-forex-scalping-indicator-free-download-powerful-strategy-guide-7-proven-benefits","/murasaki-scalper-free-download-powerful-secrets-every-trader-must-know-before-installing/","301","plain"
"/nitrofx-indicator-free-download-powerful-guide-safe-alternatives","/category/mt4-mt5-expert-advisors/ea-reviews-comparisons/","301","plain"
"/white-shark-ea-free-download-7-powerful-truths-you-must-know-before-trying","/category/free-forex-ea/","301","plain"
"/swing-vip-robot-v3-for-free-download-7-powerful-truths-you-must-know-before-trying-it","/category/mt4-mt5-expert-advisors/ea-reviews-comparisons/","301","plain"
"/undefeated-triangle-invincible-martingale-ea-free-download-powerful-7-step-strategy-for-smart-traders","/category/free-forex-ea/","301","plain"
"/🚀-download-awesome-scalper-pro-free-mt4-forex-ea-download-powerful-proven-trading-tool","/best-scalper-ea-mt4-free-download-powerful-proven-guide/","301","plain"
"/day-trader-range-breakout-ea-free-download-powerful-proven-7-step-guide-to-smarter-forex-trading","/breakout-and-retest-scanner-indicator-free-download-7-powerful-secrets-to-smarter-trading/","301","plain"
"/breaker-blocks-indicator-mt4-mt5-free-download-powerful-smart-money-tool","/order-blocks-indicator-for-mt4-mt5-free-download-7-powerful-benefits-smart-traders-cant-ignore/","301","plain"
"/tdi-with-alerts-forex-indicator-mt4-free-download-powerful-9-step-setup-that-actually-works","/best-volume-profile-indicator-for-mt4-free-download-7-powerful-tools-that-actually-work/","301","plain"
"/📈-triple-exponential-moving-average-indicator-mt4-mt5-free-download-powerful-proven-trading-tool","/🚀-moving-average-crossover-arrows-indicator-mt5-free-download-powerful-profitable-guide/","301","plain"
"/profit-99-reversal-trading-indicator-free-download-7-powerful-reasons-traders-love-it","/category/free-forex-indicator/","301","plain"
"/quantum-king-ea-forex-ea-reviews-7-powerful-truths-you-must-know-before-investing","/bb-return-forex-ea-reviews-7-powerful-truths-every-trader-must-know-before-investing/","301","plain"
"/prizmal-lux-forex-ea-reviews-7-powerful-truths-every-trader-must-know-before-investing","/bb-return-forex-ea-reviews-7-powerful-truths-every-trader-must-know-before-investing/","301","plain"
"/nova-gold-x-forex-ea-reviews-7-powerful-truths-you-must-know-before-investing","/bb-return-forex-ea-reviews-7-powerful-truths-every-trader-must-know-before-investing/","301","plain"
"/forex-robotron-ea-free-download-7-powerful-facts-you-must-know-before-installing","/category/mt4-mt5-expert-advisors/ea-reviews-comparisons/","301","plain"
"/budak-ubat-ea-free-download-7-powerful-facts-you-must-know-before-installing","/category/mt4-mt5-expert-advisors/ea-reviews-comparisons/","301","plain"
"/aura-neuron-ea-free-download-7-powerful-benefits-honest-insights-you-must-know","/category/free-forex-ea/","301","plain"
"/10-best-top-mt4-indicators-for-eurusd-intraday-trading-powerful-proven-guide","/top-10-best-mt4-indicators-for-gold-xauusd-powerful-tools-for-accurate-trading/","301","plain"
"/free-lucky-reversal-fractal-indicator-mt4-setup","/🚀-mt4-x-speed-forex-indicator-free-download-powerful-proven-guide/","301","plain"
"/golden-hen-ea-forex-ea-reviews-honest-insights-powerful-results-performance-breakdown","/quantum-valkyrie-forex-ea-reviews-powerful-insights-honest-analysis-performance-breakdown/","301","plain"
"/top-10-most-powerful-ai-powered-forex-prediction-tools-for-unbeatable-accuracy","/category/strategies-best-practices/","301","plain"
"/waka-waka-ea-review-long-term-performance","/category/mt4-mt5-expert-advisors/ea-reviews-comparisons/","301","plain"
"/simple-breakout-forex-indicator-mt4-free-download-powerful-safe-fast-guide-9-steps","/🚀-mt4-x-speed-forex-indicator-free-download-powerful-proven-guide/","301","plain"
"/forex-indicator-for-scalping-for-free-download-powerful-safe-simple-7-step-setup","/murasaki-scalper-free-download-powerful-secrets-every-trader-must-know-before-installing/","301","plain"
"/how-to-add-custom-indicators-to-mt4-ea","/best-custom-mt4-indicators-for-scalping/","301","plain"
"/expert-advisor-ea-for-mt4-scalping-ea-free-download","/us30-scalping-ea-free-download-powerful-proven-7-step-guide-to-maximize-profits/","301","plain"
"/scalper-avtomatfx-ea-free-download-7-powerful-facts-you-must-know-before-installing","/🚀-bitcoin-scalper-ea-free-download-powerful-guide-with-7-shocking-benefits-for-traders/","301","plain"
"/precision-breakout-bot-free-download-7-powerful-benefits-smart-setup-guide","/category/free-forex-ea/","301","plain"
"/martini-night-forex-scalping-ea-free-download-powerful-automated-profits-guide","/category/mt4-mt5-expert-advisors/ea-reviews-comparisons/","301","plain"
"/best-gold-robot-eafree-download-7-powerful-truths-every-trader-must-know","/gold-investor-best-forex-gold-ea-free-download-powerful-proven-guide/","301","plain"
"/fibonacci-based-trailing-stop-indicator-free-download-powerful-proven-strategy-guide","/category/free-forex-indicator/","301","plain"
"/dragon-scalper-top-indicator-free-download-7-powerful-benefits-every-trader-must-know","/eagle-scalper-best-forex-indicator-11-powerful-benefits-real-world-red-flags/","301","plain"
"/waddah-attar-explosion-forex-indicator-mt5-free-download-ultimate-powerful-guide","/🚀-powerful-proven-crypto-trading-indicator-system-mt5-free-download/","301","plain"
"/forex-reversal-indicator-mt4-free-download-7-powerful-safe-picks-to-spot-trend-turns-fast","/top-10-best-trend-reversal-indicator-mt4-non-repaint-solutions/","301","plain"
"/better-volume-forex-indicator-mt4-free-download-7-powerful-benefits-for-smarter-trading","/super-arrow-mt4-forex-indicator-free-download-powerful-7-step-guide-to-smarter-trading/","301","plain"
"/trend-reversal-forex-indicator-for-mt4-free-download-7-powerful-secrets-to-catch-market-turning-points","/📈-gold-trend-mt4-indicator-free-download-7-powerful-benefits-every-trader-must-know/","301","plain"
"/pip-magnet-mt4-forex-trading-system-free-download-powerful-proven-strategy-guide","/category/mt4-mt5-expert-advisors/ea-reviews-comparisons/","301","plain"
"/ilan-dynamic-pro-ea-free-download-7-powerful-truths-every-trader-must-know","/category/free-forex-ea/","301","plain"
"/profity-binary-bot-free-download-the-ultimate-safe-smart-guide-must-read-before-installing","/category/free-forex-ea/","301","plain"
"/good-profit-no-loss-ea-free-download-powerful-truth-7-smart-tips-before-you-install","/category/free-forex-ea/","301","plain"
"/milliontrader-mt4-free-download-7-powerful-benefits-easy-setup-guide","/cpr-forex-indicator-for-mt4-free-download-7-powerful-benefits-proven-trading-secrets/","301","plain"
"/fundedea-prop-firm-ea-free-download-powerful-7-step-guide-to-smarter-funded-trading","/prop-firm-ea-free-download-7-powerful-truths-every-trader-must-know/","301","plain"
"/🚀-quantum-audcad-grid-bot-powerful-profitable-free-download-guide","/category/free-forex-ea/","301","plain"
"/🚀-entry-points-pro-non-repaint-mt4-indicator-free-download-guide","/supply-and-demand-indicator-for-mt4-no-repaint/","301","plain"
"/bollinger-band-advanced-edition-forex-indicator-free-download-powerful-strategy-guide-7-expert-secrets","/category/free-forex-indicator/","301","plain"
"/🚀-market-sentiment-forex-indicator-for-mt4-free-download-7-powerful-benefits-every-trader-must-know","/cpr-forex-indicator-for-mt4-free-download-7-powerful-benefits-proven-trading-secrets/","301","plain"
"/zenox-forex-ea-reviews-powerful-insights-honest-analysis-7-key-facts-you-must-know","/category/mt4-mt5-expert-advisors/ea-reviews-comparisons/","301","plain"
"/ai-gen-xii-chatgpt-ea-free-download-7-powerful-facts-you-must-know-before-installing","/category/free-forex-ea/","301","plain"
"/🤖-bitcoin-trading-crypto-robot-free-download-the-ultimate-guide-to-safe-smart-automation","/category/ai-powered-trading-tools/ai-ea-reviews/","301","plain"
"/harmonic-pattern-indicator-for-mt4-free-download-7-powerful-benefits-every-trader-must-know","/basic-harmonic-pattern-indicator-mt4-free-download-7-powerful-benefits-every-trader-must-know/","301","plain"
"/forex-uranus-indicator-free-download-powerful-proven-7-step-trading-guide","/cpr-forex-indicator-for-mt4-free-download-7-powerful-benefits-proven-trading-secrets/","301","plain"
"/10-best-adx-indicator-strategy-settings-for-mt4-powerful-secrets-for-winning-trades","/category/installation-setup/","301","plain"
"/how-to-identify-absorption-zones-with-volume-indicators-on-metatrader-5","/category/installation-setup/","301","plain"
"/understanding-common-mt4-ea-errors-and-how-to-fix-them","/category/installation-setup/","301","plain"
"/assar-phoenix-infinity-ea-free-download-7-powerful-facts-you-must-know-before-installing","/category/free-forex-ea/","301","plain"
"/profit-maker-indicator-system-mt4-free-download-powerful-proven-2025-trading-boost","/cpr-forex-indicator-for-mt4-free-download-7-powerful-benefits-proven-trading-secrets/","301","plain"
"/reversal-diamond-free-download-7-powerful-facts-you-must-know-before-installing","/category/free-forex-indicator/","301","plain"
"/free-download-mt4-volume-profile-indicator-how-to-enhance-your-trading-strategy","/best-volume-profile-indicator-for-tradingview-free/","301","plain"
"/marketmaker-pro-ea-free-download-the-ultimate-guide-to-smart-automated-trading-success","/best-gold-scalper-ea-for-mt4-mt5-the-only-guide-you-need/","301","plain"
"/quantum-profx-ea-free-download-7-powerful-truths-every-trader-must-know-before-installing","/category/free-forex-ea/","301","plain"
"/tick-scalper-best-forex-free-download-powerful-proven-trading-tool-explained","/eagle-scalper-best-forex-indicator-free-download-powerful-proven-profitable-strategy-guide/","301","plain"
"/4x-wave-indicator-system-free-download-the-ultimate-powerful-guide","/non-repainting-mt4-trading-system-free-download-powerful-proven-strategy-in-2026/","301","plain"
"/🚀-mt4-breakout-level-ea-free-download-7-powerful-benefits-ultimate-setup-guide","/cpr-forex-indicator-for-mt4-free-download-7-powerful-benefits-proven-trading-secrets/","301","plain"
"/gold-nova-ea-mt4-free-download-powerful-7-step-guide-to-smarter-forex-profits","/super-arrow-mt4-forex-indicator-free-download-powerful-7-step-guide-to-smarter-trading/","301","plain"
"/forex-vantage-ea-free-download-7-powerful-truths-you-must-know-before-installing","/volumehedger-forex-ea-reviews-7-powerful-truths-every-trader-must-know/","301","plain"
"/perfect-trend-line-2-mt5-forex-indicator-free-download-powerful-proven-strategy-guide","/eagle-scalper-best-forex-indicator-free-download-powerful-proven-profitable-strategy-guide/","301","plain"
"/intelligent-mt4-trend-indicator-free-download-risky-truth-9-powerful-safer-options","/📈-gold-trend-mt4-indicator-free-download-7-powerful-benefits-every-trader-must-know/","301","plain"
"/forex-millionaire-rsi-indicator-and-strategy-free-download-7-powerful-secrets-to-maximize-profits-fast","/category/forex-trading-strategies/","301","plain"
"/best-renko-strategy-and-indicator-system-free-download-powerful-trading-blueprint","/category/free-forex-indicator/","301","plain"
"/📊-top-free-forex-custom-signal-indicators-download-overview","/forex-factory-best-custom-indicators-a-guide-to-enhancing-your-trading-strategy/","301","plain"
"/pegasus-pro-ea-free-download-7-powerful-facts-you-must-know-before-trying-it","/category/free-forex-ea/","301","plain"
"/forex-gold-trading-ea-free-download-7-powerful-benefits-smart-setup-guide","/free-gold-trading-ea-free-download-7-powerful-benefits-smart-setup-guide/","301","plain"
"/swing-killer-trading-expert-advisor-free-download-powerful-guide-to-7-winning-features-safe-setup","/usdjpy-safe-expert-advisor-free-download-7-powerful-benefits-smart-setup-guide/","301","plain"
"/ai-price-action-robot-free-download-the-ultimate-guide-to-safe-smart-trading","/category/ai-powered-trading-tools/ai-ea-reviews/","301","plain"
"/🚀-northwest-metatrader-4-ea-free-download-powerful-proven-trading-robot","/category/free-forex-ea/","301","plain"
"/cynera-ea-free-download-7-powerful-facts-before-you-install-this-trading-robot","/category/free-forex-ea/","301","plain"
"/trend-market-reversal-indicator-free-download-powerful-proven-7-step-guide-for-smarter-trading","/📈-gold-trend-mt4-indicator-free-download-7-powerful-benefits-every-trader-must-know/","301","plain"
"/📈-forex-trend-detector-indicator-free-download-powerful-proven-guide-for-smart-traders","/forex-millionaire-indicator-free-download-7-powerful-truths-you-must-know-before-installing/","301","plain"
"/basic-harmonic-pattern-indicator-free-download-powerful-proven-7-step-guide-for-smart-traders","/basic-harmonic-pattern-indicator-mt4-free-download-7-powerful-benefits-every-trader-must-know/","301","plain"
"/raff-channel-forex-indicator-for-mt4-free-download-powerful-proven-tool-for-traders","/🚀-mt4-x-speed-forex-indicator-free-download-powerful-proven-guide/","301","plain"
"/5nitro-mt4-indicator-powerful-free-download-guide-7-proven-benefits","/cpr-forex-indicator-for-mt4-free-download-7-powerful-benefits-proven-trading-secrets/","301","plain"
"/quantum-bitcoin-ea-forex-ea-reviews-the-brutally-honest-expert-breakdown-7-key-facts-revealed","/quantum-valkyrie-forex-ea-reviews-powerful-insights-honest-analysis-performance-breakdown/","301","plain"
"/sentinel-forex-ea-reviews-7-powerful-insights-you-must-know-before-investing","/bb-return-forex-ea-reviews-7-powerful-truths-every-trader-must-know-before-investing/","301","plain"
"/ea-gold-stuff-forex-ea-reviews-powerful-insights-honest-pros-performance-breakdown","/quantum-valkyrie-forex-ea-reviews-powerful-insights-honest-analysis-performance-breakdown/","301","plain"
"/currency-pairs-correlation-indicator-free-download-powerful-proven-guide","/category/free-forex-indicator/","301","plain"
"/📈-buy-sell-forex-indicator-free-download-powerful-proven-7-step-guide-for-smart-trading","/cpr-forex-indicator-for-mt4-free-download-7-powerful-benefits-proven-trading-secrets/","301","plain"
"/goldwave-ea-forex-ea-reviews-7-powerful-truths-you-must-know-before-investing","/bb-return-forex-ea-reviews-7-powerful-truths-every-trader-must-know-before-investing/","301","plain"
"/the-orb-master-forex-ea-reviews-7-powerful-truths-every-trader-must-know","/category/forex-ea-reviews/","301","plain"
"/free-mt4-ea-download-and-install-tutorial-ultimate-step-by-step-guide","/category/installation-setup/","301","plain"
"/13-powerful-tradingview-screener-settings-for-breakout-stocks-daily","/category/installation-setup/","301","plain"
"/11-powerful-ways-to-avoid-slippage-in-forex-scalping-trades-essential-guide","/category/installation-setup/","301","plain"
"/keltner-channel-pro-trading-system-review","/category/installation-setup/","301","plain"
"/7-powerful-ways-to-integrate-luxalgo-indicators-with-metatrader-for-forex-successfully","/category/installation-setup/","301","plain"
"/10-best-free-prop-firm-trials-available-powerful-opportunities-for-smart-traders","/prop-firm-ea-free-download-7-powerful-truths-every-trader-must-know/","301","plain"
"/fibonacci-cluster-confluence-trading-the-ultimate-guide-for-traders","/category/technical-analysis/","301","plain"
"/forex-fury-ea-overview-latest-version","/category/forex-ea-reviews/","301","plain"
"/usd-jpy-4-hour-trading-strategy-that-actually-works","/category/strategies-best-practices/","301","plain"
"/dark-venus-scalping-free-download-7-powerful-truths-every-trader-must-know","/category/free-forex-ea/","301","plain"
"/entryexit-trend-forex-indicator-for-mt4-free-download-powerful-risky-and-11-smart-ways-to-use-it-safely","/📈-gold-trend-mt4-indicator-free-download-7-powerful-benefits-every-trader-must-know/","301","plain"
"/r2-arrow-binary-trading-system-free-download-shocking-truth-11-safe-steps-to-get-the-real-deal","/category/ai-powered-trading-tools/ai-trading-indicators/","301","plain"
"/prop-firm-gold-ea-forex-ea-reviews-7-powerful-insights-every-trader-must-know","/prop-firm-ea-free-download-7-powerful-truths-every-trader-must-know/","301","plain"
"/the-12-best-free-macd-histogram-indicator-for-forex-scalping-ultimate-guide","/murasaki-scalper-free-download-powerful-secrets-every-trader-must-know-before-installing/","301","plain"
"/top-10-hidden-gem-indicators-in-the-tradingview-community","/category/forex-indicator-reviews/","301","plain"
"/smartfx-ultimate-ea-free-download-7-powerful-truths-you-must-know-before-installing","/category/mt4-mt5-expert-advisors/ea-reviews-comparisons/","301","plain"
"/eapassing-us30-ea-free-download-7-powerful-truths-every-trader-must-know","/category/free-forex-ea/","301","plain"
"/breakthrough-strategy-free-forex-bot-download-7-powerful-secrets-to-maximize-safe-trading-profits","/🚀-powerful-proven-crypto-trading-indicator-system-mt5-free-download/","301","plain"
"/hermes-ea-free-download-7-powerful-truths-every-trader-must-know-before-installing","/category/free-forex-ea/","301","plain"
"/🚀-monarchal-algo-metatrader-4-expert-advisor-free-download-powerful-profitable-trading-system","/category/free-forex-ea/","301","plain"
"/forex-vzlomshik-cracker-pro-ea-free-download-7-shocking-truths-every-trader-must-know","/category/mt4-mt5-expert-advisors/ea-reviews-comparisons/","301","plain"
"/automate-indicator-mt4-ea-free-download-7-powerful-benefits-every-trader-should-know","/📈-pro-trend-line-indicator-free-download-7-powerful-benefits-every-trader-must-know/","301","plain"
"/xmeter-forex-indicator-free-download-powerful-proven-trading-boost-guide","/cpr-forex-indicator-for-mt4-free-download-7-powerful-benefits-proven-trading-secrets/","301","plain"
"/top-forex-reversal-indicator-free-download-7-powerful-tools-that-actually-work","/top-10-best-trend-reversal-indicator-mt4-non-repaint-solutions/","301","plain"
"/gann-4ex-free-indicator-system-download-powerful-guide-to-unlock-smart-trading","/category/free-forex-indicator/","301","plain"
"/level-trading-123-forex-indicator-mt4-free-download-powerful-guide-9-easy-steps","/📈-pro-trend-line-indicator-free-download-7-powerful-benefits-every-trader-must-know/","301","plain"
"/suntzu-indicator-forex-system-download-powerful-proven-2026-trading-strategy-guide","/binary-options-signals-indicator-mt4-free-download-powerful-proven-guide/","301","plain"
"/atrh-indicator-free-download-complete-guide","/ultimate-pro-scalper-forex-indicator-free-download-7-powerful-secrets-every-trader-must-know/","301","plain"
"/smc-market-structure-mtf-levels-by-capitan-trading-forex-indicator-reviews-the-ultimate-honest-guide-9-key-insights","/category/forex-indicator-reviews/","301","plain"
"/candle-body-percent-by-adityakharade-forex-indicator-reviews-powerful-honest-and-practical-9-key-insights","/category/forex-indicator-reviews/","301","plain"
"/asia-scalper-pro-ea-free-download-the-ultimate-honest-guide-7-powerful-insights-you-must-know","/night-hunter-pro-ea-an-honest-review/","301","plain"
"/money-pile-ea-free-download-the-ultimate-truth-powerful-benefits-safe-guide","/category/mt4-mt5-expert-advisors/ea-reviews-comparisons/","301","plain"
"/ouro-hedge-scalping-3-0-ea-17-powerful-secrets-every-gold-trader-must-know","/7-best-top-gold-scalping-ea-for-beginners-with-low-drawdown-ultimate-safe-trading-guide/","301","plain"
"/goldify-ea-free-download-what-you-need-to-know-before-installing","/category/free-forex-ea/","301","plain"
"/hft-forex-scalper-free-download-7-powerful-facts-you-must-know-before-installing","/top-7-best-free-forex-scalper-ea-for-mt4-download/","301","plain"
"/low-risk-ea-free-download-7-powerful-proven-ways-to-trade-safely","/category/mt4-mt5-expert-advisors/","301","plain"
"/advanced-hedge-forex-ea-mt4-free-download-7-powerful-benefits-every-trader-must-know","/top-7-best-free-forex-scalper-ea-for-mt4-download/","301","plain"
"/hamster-scalper-free-download-7-powerful-truths-you-must-know-before-installing","/category/mt4-mt5-expert-advisors/ea-reviews-comparisons/","301","plain"
"/jfx-ea-prop-firm-robot-free-download-7-powerful-facts-you-must-know-before-installing","/prop-firm-ea-free-download-7-powerful-truths-every-trader-must-know/","301","plain"
"/aggressive-free-forex-ea-download-7-powerful-truths-you-must-know-before-installing","/category/mt4-mt5-expert-advisors/","301","plain"
"/forex-momentum-capture-gerfx-ea-free-download-the-ultimate-powerful-guide-to-smart-trading","/mft-trading-robot-mt4-free-download-7-powerful-facts-you-must-know-before-installing/","301","plain"
"/ultimatum-breakout-ea-for-free-download-powerful-strategy-safe-guide","/category/free-forex-ea/","301","plain"
"/babe-blade-algo-ea-free-download-7-powerful-truths-you-must-know-before-installing","/category/mt4-mt5-expert-advisors/ea-reviews-comparisons/","301","plain"
"/entry-point-forex-trend-indicator-free-download-powerful-7-step-guide-for-accurate-trading-signals","/accurate-signals-no-repaint-indicator-free-download-7-powerful-benefits-traders-must-know/","301","plain"
"/📊-cumulative-delta-forex-indicator-free-download-powerful-proven-2026-trading-edge","/cpr-forex-indicator-for-mt4-free-download-7-powerful-benefits-proven-trading-secrets/","301","plain"
"/📉-double-top-bottom-patterns-mt4-forex-indicator-powerful-proven-free-trading-tool","/🚀-mt4-x-speed-forex-indicator-free-download-powerful-proven-guide/","301","plain"
"/mtf-macd-forex-indicator-for-mt4-free-download-powerful-multi-timeframe-trading-tool","/📈-pro-trend-line-indicator-free-download-7-powerful-benefits-every-trader-must-know/","301","plain"
"/williams-trade-forex-scalping-strategy-proven-powerful-7-step-guide-for-smart-traders","/forex-scanner-pro-indicator-system-for-mt4-free-download-ultimate-powerful-guide-setup/","301","plain"
"/wavetrend-vwap-v6-enhanced-by-k_syedhussain-forex-indicator-reviews-7-powerful-insights-every-trader-must-know","/forex-millionaire-indicator-free-download-7-powerful-truths-you-must-know-before-installing/","301","plain"
"/gold-hero-v2-free-download-7-powerful-benefits-safe-guide-ultimate-features-explained","/free-gold-trading-ea-free-download-7-powerful-benefits-smart-setup-guide/","301","plain"
"/north-east-way-ea-free-download-the-ultimate-safe-smart-2025-guide","/category/mt4-mt5-expert-advisors/ea-reviews-comparisons/","301","plain"
"/💥-wallstreet-recovery-pro-download-the-ultimate-2026-guide-to-safe-smart-access","/category/mt4-mt5-expert-advisors/","301","plain"
"/auto-harmonic-patterns-indicator-free-download-powerful-accurate-trading-tool","/basic-harmonic-pattern-indicator-mt4-free-download-7-powerful-benefits-every-trader-must-know/","301","plain"
"/unlocking-the-secrets-of-order-block-indicators-the-ultimate-trading-guide","/category/free-forex-indicator/","301","plain"
"/🚀-proton-scalper-free-download-7-powerful-facts-you-must-know-before-installing","/category/mt4-mt5-expert-advisors/ea-reviews-comparisons/","301","plain"
"/abs-goldgrid-forex-ea-reviews-7-powerful-truths-you-must-know-before-investing","/bb-return-forex-ea-reviews-7-powerful-truths-every-trader-must-know-before-investing/","301","plain"
"/mt4-ea-setup-for-low-balance-accounts-proven-tips-for-safe-profitable-automation","/category/installation-setup/","301","plain"
"/understanding-partial-close-logic-in-ea-coding-explained","/category/installation-setup/","301","plain"
"/the-15-best-technical-analysis-tools-for-mt4-platform-powerful-guide-for-traders","/category/installation-setup/","301","plain"
"/combine-hma-and-supertrend-indicators-for-precise-entry-signals","/category/installation-setup/","301","plain"
"/ultimate-guide-to-effortless-grid-trading-bot-setup-for-binance-futures","/category/forex-ea-reviews/","301","plain"
"/best-rsi-settings-for-5-minute-chart","/category/forex-trading-strategies/forex-scalping/","301","plain"
"/algotradesoft-innovative-ea-7-powerful-reasons-its-a-game-changer-for-smart-traders","/category/free-forex-ea/","301","plain"
"/anti-martingale-approach-for-safe-trading","/category/beginners-guides-forex-basics/","301","plain"
"/best-forex-robot-independent-myfxbook-results-top-performers","/category/forex-ea-reviews/","301","plain"
"/how-to-set-up-a-composite-volume-profile-on-tradingview","/best-volume-profile-indicator-for-tradingview-free/","301","plain"
"/auto-millions-ea-free-download-7-powerful-truths-you-must-know-before-installing","/category/free-forex-ea/","301","plain"
"/forexfiv-ea-free-download-7-powerful-truths-you-must-know-before-installing","/category/free-forex-ea/","301","plain"
"/algotradesoft-innovative-ea-free-download-7-powerful-benefits-honest-insights-you-must-know","/category/free-forex-ea/","301","plain"
"/the-infinity-ea-free-download-7-powerful-benefits-hidden-risks-you-must-know","/category/mt4-mt5-expert-advisors/ea-reviews-comparisons/","301","plain"
"/vr-grid-trading-robot-free-download-7-powerful-benefits-smart-setup-guide","/free-gold-trading-ea-free-download-7-powerful-benefits-smart-setup-guide/","301","plain"
"/🚀-binary-stalker-free-binary-indicator-download-the-ultimate-powerful-guide-shocking-accuracy-revealed","/category/free-forex-indicator/","301","plain"
"/thunder-force-mt4-forex-system-free-download-powerful-proven-strategy-guide-with-7-smart-benefits","/🚀-forexhub-system-for-mt4-free-download-powerful-2026-guide-with-proven-setup-tips/","301","plain"
"/ultimate-mt4-stochastic-indicator-free-download-powerful-safe-simple-guide-11-must-know-steps","/binary-options-signals-indicator-mt4-free-download-powerful-proven-guide/","301","plain"
"/10-powerful-reasons-to-use-the-free-download-nitro-forex-signals-mt4-indicator-today","/binary-options-signals-indicator-mt4-free-download-powerful-proven-guide/","301","plain"
"/gold-catcher-free-download-7-powerful-reasons-its-a-must-try-game-today","/category/free-forex-ea/","301","plain"
"/scarlet-eurusd-ea-free-download-powerful-7-step-guide-to-smart-forex-trading-success","/mft-trading-robot-mt4-free-download-7-powerful-facts-you-must-know-before-installing/","301","plain"
"/forex-gold-trading-ea-free-download-7-powerful-secrets-to-boost-profits-safely","/category/free-forex-ea/","301","plain"
"/night-scalper-robot-free-download-9-shocking-truths-you-must-know-before-you-install","/category/mt4-mt5-expert-advisors/","301","plain"
"/low-volatility-trading-ea-free-download-11-smart-ways-to-get-a-safer-more-stable-bot","/category/free-forex-ea/","301","plain"
"/eternis-advanced-ea-free-download-powerful-guide-with-7-smart-insights-for-traders","/category/free-forex-ea/","301","plain"
"/aurum-ai-ea-free-download-risks-facts-safe-alternatives","/category/ai-powered-trading-tools/ai-ea-reviews/","301","plain"
"/golden-jet-fighter-gtx-ai-ea-free-download-ultimate-guide-to-powerful-trading-automation","/category/free-forex-ea/","301","plain"
"/synthetic-vix-forex-indicator-free-download-powerful-7-step-guide-to-volatility-trading-success","/super-arrow-mt4-forex-indicator-free-download-powerful-7-step-guide-to-smarter-trading/","301","plain"
"/123-shark-forex-indicator-free-download-powerful-proven-7-step-guide-for-smart-traders","/forex-scanner-pro-indicator-system-for-mt4-free-download-ultimate-powerful-guide-setup/","301","plain"
"/the-breakout-panca-eagle-indicator-free-download-7-powerful-benefits-every-trader-must-know","/category/mt4-mt5-expert-advisors/","301","plain"
"/🚀-powerful-guide-nimbus-algo-free-indicator-download-7-proven-insights-you-must-know","/category/ai-powered-trading-tools/ai-trading-indicators/","301","plain"
"/dtosc-mt4-indicator-free-download-7-powerful-benefits-every-trader-must-know","/🚀-mt4-x-speed-forex-indicator-free-download-powerful-proven-guide/","301","plain"
"/volatility-hyper-trend-mt4-indicator-free-download-7-powerful-benefits-every-trader-must-know","/📈-gold-trend-mt4-indicator-free-download-7-powerful-benefits-every-trader-must-know/","301","plain"
"/icefx-news-info-the-best-news-forex-indicator-mt4-free-download-the-ultimate-9-step-guide-for-safer-smarter-trading","/super-arrow-mt4-forex-indicator-free-download-powerful-7-step-guide-to-smarter-trading/","301","plain"
"/chaikin-money-flow-indicator-mt4-mt5-free-download-7-powerful-reasons-traders-love-it","/order-blocks-indicator-for-mt4-mt5-free-download-7-powerful-benefits-smart-traders-cant-ignore/","301","plain"
"/big-bull-mt5-trend-following-strategy-free-download-7-powerful-secrets-for-consistent-trading-success","/forex-scanner-pro-indicator-system-for-mt4-free-download-ultimate-powerful-guide-setup/","301","plain"
"/forex-decimus-indicator-free-download-powerful-7-step-guide-to-smarter-trading","/super-arrow-mt4-forex-indicator-free-download-powerful-7-step-guide-to-smarter-trading/","301","plain"
"/ai-forex-robot-forex-ea-reviews-9-powerful-truths-every-trader-must-know-before-buying","/category/ai-powered-trading-tools/ai-ea-reviews/","301","plain"
"/zeno-forex-ea-reviews-7-powerful-truths-every-trader-must-know-before-investing","/bb-return-forex-ea-reviews-7-powerful-truths-every-trader-must-know-before-investing/","301","plain"
"/black-diamond-special-ea-free-download-the-truth-you-must-know-before-installing","/category/free-forex-ea/","301","plain"
"/driver-eurusd-ea-free-download-7-powerful-facts-every-trader-must-know","/category/free-forex-ea/","301","plain"
"/battle-scalper-ea-free-download-7-powerful-facts-you-must-know-before-installing","/🚀-bitcoin-scalper-ea-free-download-powerful-guide-with-7-shocking-benefits-for-traders/","301","plain"
"/luxor-scalping-robot-mt4-free-download-7-powerful-benefits-honest-insights-for-smart-traders","/🚀-master-scalping-trading-system-mt4-free-download-ultimate-proven-guide-7-powerful-benefits/","301","plain"
"/tokyo-usdjpy-ea-free-download-powerful-2025-guide-to-safe-smart-use","/usdjpy-safe-expert-advisor-free-download-7-powerful-benefits-smart-setup-guide/","301","plain"
"/trend-scalp-bot-free-download-powerful-7-step-guide-to-safe-smart-trading-success","/category/forex-trading-strategies/forex-scalping/","301","plain"
"/alpha-trend-trading-ea-free-download-powerful-proven-automated-forex-system","/ai-trend-booster-ea-free-download-powerful-proven-trading-advantage-guide/","301","plain"
"/volatility-ratio-free-download-powerful-proven-trading-indicator-for-smarter-decisions","/🚀-mt4-x-speed-forex-indicator-free-download-powerful-proven-guide/","301","plain"
"/best-support-and-resistance-indicator-free-download-powerful-proven-trading-tool","/nexus-6-0-binary-indicator-free-download-powerful-proven-trading-tool-guide/","301","plain"
"/🚀-powerful-guide-daily-dynamic-trend-multi-currency-v4-forex-indicator-free-download-explained","/category/free-forex-indicator/","301","plain"
"/quasimodo-pattern-mt4-indicator-free-download-powerful-proven-trading-guide","/cpr-forex-indicator-for-mt4-free-download-7-powerful-benefits-proven-trading-secrets/","301","plain"
"/moving-average-ribbon-forex-indicator-free-download-powerful-9-step-guide-to-spot-trends-faster","/🚀-moving-average-crossover-arrows-indicator-mt5-free-download-powerful-profitable-guide/","301","plain"
"/chaikin-money-flow-indicator-mt4-mt5-free-download-powerful-trading-edge","/range-detector-indicator-mt4-mt5-free-download-powerful-7-step-guide-to-smarter-range-trading/","301","plain"
"/🚀-better-volume-1-5-mt4-forex-indicator-free-download-powerful-guide-with-7-proven-trading-insights","/📈-pro-trend-line-indicator-free-download-7-powerful-benefits-every-trader-must-know/","301","plain"
"/🚀-crazy-trend-hacker-trading-indicator-mt4-free-download-powerful-proven-strategy-guide","/📈-pro-trend-line-indicator-free-download-7-powerful-benefits-every-trader-must-know/","301","plain"
"/dj-market-pro-x20-delta-gold-indicator-free-download-powerful-secrets-7-smart-benefits-revealed","/category/gold-xauusd-trading/","301","plain"
"/forex-invictus-powerful-non-repaint-trading-indicator-7-proven-reasons-traders-love-it","/top-10-best-trend-reversal-indicator-mt4-non-repaint-solutions/","301","plain"
"/🚀-apollo-scalper-god-of-forex-trading-free-download-guide-shocking-truth-7-powerful-facts","/category/mt4-mt5-expert-advisors/ea-reviews-comparisons/","301","plain"
"/corporate-server-indicator-system-mt4-free-download-powerful-7-step-guide-for-smart-traders","/non-repainting-mt4-trading-system-free-download-powerful-proven-strategy-in-2026/","301","plain"
"/7-powerful-tips-for-digi-arrow-strategy-mt5-indicator-system-free-download-safe-legit","/category/free-forex-indicator/","301","plain"
"/🚗-v2v-indicators-powerful-guide-free-download-options-you-shouldnt-miss","/forex-factory-best-custom-indicators-a-guide-to-enhancing-your-trading-strategy/","301","plain"
"/stability-killer-ai-forex-ea-reviews-the-shocking-truth-behind-this-powerful-trading-robot","/category/forex-ea-reviews/","301","plain"
"/pivot-killer-forex-ea-reviews-7-powerful-truths-every-trader-must-know","/category/mt4-mt5-expert-advisors/ea-reviews-comparisons/","301","plain"
"/gold-scalper-pro-forex-ea-reviews-7-powerful-truths-you-must-know-before-buying","/mt4-gold-scalper-ea-free-download-powerful-2026-guide-proven-setup-tips/","301","plain"
"/xau-sniper-forex-ea-reviews-powerful-truth-revealed-must-read-before-you-buy","/category/forex-ea-reviews/","301","plain"
"/force-grider-ea-free-download-7-powerful-truths-every-trader-must-know-before-you-try-it","/mft-trading-robot-mt4-free-download-7-powerful-facts-you-must-know-before-installing/","301","plain"
"/fxcore-gold-ea-free-download-7-powerful-facts-every-gold-trader-must-know","/gold-investor-best-forex-gold-ea-free-download-powerful-proven-guide/","301","plain"
"/fantastic-scalper-mt4-bot-free-download-7-powerful-benefits-every-trader-must-know","/pip-scalper-ea-mt4-free-download-7-powerful-benefits-and-smart-setup-guide/","301","plain"
"/zen-flow-ea-free-download-7-powerful-truths-you-must-know-before-installing","/category/mt4-mt5-expert-advisors/ea-reviews-comparisons/","301","plain"
"/super-signal-scalping-indicator-free-download-7-powerful-secrets-for-smarter-trading-success","/super-arrow-mt4-forex-indicator-free-download-powerful-7-step-guide-to-smarter-trading/","301","plain"
"/fx-phantom-free-forex-system-download-powerful-7-step-guide-to-smart-trading-success","/category/mt4-mt5-expert-advisors/ea-reviews-comparisons/","301","plain"
"/dj-market-pro-indicator-free-download-7-powerful-truths-every-trader-must-know","/ultimate-pro-scalper-forex-indicator-free-download-7-powerful-secrets-every-trader-must-know/","301","plain"
"/golden-mirage-forex-ea-reviews-7-powerful-truths-you-must-know-before-investing","/sigma-bot-forex-ea-reviews-powerful-insights-honest-analysis-7-must-know-facts/","301","plain"
"/diamond-pro-forex-ea-reviews-7-powerful-truths-every-trader-must-know","/ultimate-pro-scalper-forex-indicator-free-download-7-powerful-secrets-every-trader-must-know/","301","plain"
"/gvolt-forex-ea-reviews-7-powerful-truths-you-must-know-before-investing","/bb-return-forex-ea-reviews-7-powerful-truths-every-trader-must-know-before-investing/","301","plain"
"/ea-new-player-forex-ea-reviews-7-powerful-insights-every-trader-must-know","/category/forex-ea-reviews/","301","plain"
"/10-best-mt4-indicators-for-gbpusd-scalping-proven-powerful-tools-for-accurate-fast-trading","/top-10-best-mt4-indicators-for-gold-xauusd-powerful-tools-for-accurate-trading/","301","plain"
"/10-best-free-paper-trading-platforms-for-beginners","/category/ai-powered-trading-tools/","301","plain"
"/7-powerful-reasons-the-d1-elasticity-pullback-trading-strategy-works-proven-trader-guide","/category/forex-trading-strategies/","301","plain"
"/top-10-best-mobile-apps-for-learning-forex-trading-free","/category/ai-powered-trading-tools/brokers-trading-platforms/","301","plain"
"/best-trading-journal-apps-a-guide-to-tracking-your-trades","/category/strategies-best-practices/","301","plain"
"/master-the-quarters-theory-indicator-free-download-7-powerful-secrets-for-smarter-trading","/asian-breakout-trading-system-free-download-powerful-7-step-strategy-for-explosive-forex-profits/","301","plain"
"/waddah-attar-explosion-forex-indicator-mt5-free-download-powerful-guide-9-smart-steps","/category/mt4-mt5-expert-advisors/","301","plain"
"/safe-equity-protector-settings-for-mt4-powerful-tips-best-practices","/10-powerful-grid-trading-ea-safe-settings-for-mt4-to-reduce-risk-and-boost-profitability/","301","plain"
"/best-brokers-for-gold-trading-with-mt4-bots","/gold-hitter-ea-mt4-free-download-powerful-2026-guide-to-safe-setup-profitable-trading/","301","plain"
"/7-best-one-click-trading-panel-for-mt4-tools-for-faster-smarter-trading","/category/installation-setup/","301","plain"
"/donchian-channel-breakout-system-ultimate-guide-to-profitable-trading-strategies","/category/forex-trading-strategies/","301","plain"
"/ftmo-challenge-passing-strategy-a-complete-guide-to-success","/category/prop-firm-reviews/","301","plain"
"/ai-forex-trading-chatgpt-ea-free-download-ultimate-smart-automation-guide","/category/free-forex-ea/","301","plain"
"/mean-reversion-trading-ea-free-download-7-powerful-secrets-to-boost-smart-profits","/category/forex-trading-strategies/","301","plain"
"/binary-stalker-free-binary-indicator-download-ultimate-powerful-guide-7-proven-benefits","/automate-indicator-mt4-ea-free-download-7-powerful-benefits-every-trader-must-know/","301","plain"
"/7-powerful-ways-to-use-better-brain-trend-forex-indicator-mt4-free-download-for-smarter-trend-trading","/📈-gold-trend-mt4-indicator-free-download-7-powerful-benefits-every-trader-must-know/","301","plain"
"/hannah-ea-order-blocks-forex-robot-for-consistent-profits-free-download-powerful-7-step-guide-to-smart-gains","/category/free-forex-indicator/","301","plain"
"/luna-fx-mt4-trading-indicator-free-download-7-powerful-benefits-proven-setup-guide","/🚀-mt4-x-speed-forex-indicator-free-download-powerful-proven-guide/","301","plain"
"/forex-hydra-strategy-indicator-free-download-powerful-truths-9-smart-safety-steps","/eagle-scalper-best-forex-indicator-free-download-powerful-proven-profitable-strategy-guide/","301","plain"
"/scalping-ea-free-download-7-powerful-truths-you-must-know-before-installing","/category/free-forex-ea/","301","plain"
"/shustrobot-ea-free-download-7-powerful-truths-every-trader-must-know-before-installing","/category/free-forex-ea/","301","plain"
"/legend-ea-free-download-7-powerful-truths-every-trader-must-know-before-installing","/category/mt4-mt5-expert-advisors/","301","plain"
"/benderfx-ea-free-download-7-powerful-truths-you-must-know-before-installing","/category/mt4-mt5-expert-advisors/ea-reviews-comparisons/","301","plain"
"/quantum-f3-ea-free-download-the-ultimate-guide-to-safe-access-powerful-features-smart-trading-tips","/category/mt4-mt5-expert-advisors/ea-reviews-comparisons/","301","plain"
"/firestorm-odin-ea-v3-free-download-7-powerful-truths-you-must-know-before-you-try-it","/category/mt4-mt5-expert-advisors/ea-reviews-comparisons/","301","plain"
"/audnzd-otaku-ea-free-download-7-powerful-secrets-every-forex-trader-must-know","/category/mt4-mt5-expert-advisors/ea-reviews-comparisons/","301","plain"
"/nightmare-panther-ea-free-download-powerful-secrets-honest-review-7-must-know-facts","/category/free-forex-ea/","301","plain"
"/salamander-gold-forex-robot-what-you-need-to-know-before-downloading","/category/free-forex-ea/","301","plain"
"/high-low-trading-robot-free-download-7-powerful-secrets-before-you-install","/category/free-forex-ea/","301","plain"
"/evening-scalper-algo-trader-ea-free-download-powerful-7-step-guide-to-smarter-forex-profits","/category/free-forex-ea/","301","plain"
"/aura-absolute-fx-robot-free-download-7-powerful-truths-you-must-know-before-installing","/category/free-forex-ea/","301","plain"
"/gbpusd-ea-free-download-7-powerful-benefits-every-trader-must-know","/category/free-forex-ea/","301","plain"
"/trix-crossover-forex-indicator-free-download-powerful-strategy-guide-with-7-proven-benefits","/cap-channel-forex-indicator-free-download-7-powerful-benefits-every-trader-must-know/","301","plain"
"/woodies-cci-arrows-oscillator-forex-indicator-free-download-powerful-proven-trading-tool","/vertex-alerts-arrows-indicator-free-download-powerful-proven-trading-boost-step-by-step-guide/","301","plain"
"/full-stochastic-forex-indicator-mt4-free-download-9-powerful-pros-sneaky-cons","/cpr-forex-indicator-for-mt4-free-download-7-powerful-benefits-proven-trading-secrets/","301","plain"
"/prn-hub-macd-forex-indicator-free-download-powerful-guide-with-7-proven-trading-advantages","/category/ai-powered-trading-tools/ai-trading-indicators/","301","plain"
"/📊-forex-flag-and-pennant-patterns-mt4-indicator-free-download-powerful-guide-setup-tips","/forex-scanner-pro-indicator-system-for-mt4-free-download-ultimate-powerful-guide-setup/","301","plain"
"/better-asc-trend-forex-indicator-mt4-free-download-the-ultimate-guide-7-proven-steps-to-smarter-trend-signals","/super-arrow-mt4-forex-indicator-free-download-powerful-7-step-guide-to-smarter-trading/","301","plain"
"/📈-trend-action-binary-option-strategy-free-download-powerful-proven-guide","/category/forex-trading-strategies/","301","plain"
"/harmonic-pattern-finder-forex-indicator-mt5-free-download-7-powerful-benefits-every-trader-must-know","/basic-harmonic-pattern-indicator-mt4-free-download-7-powerful-benefits-every-trader-must-know/","301","plain"
"/gann-high-low-activator-ssl-alert-mt5-forex-indicator-free-download-powerful-7-step-safe-legit-guide","/category/free-forex-indicator/","301","plain"
"/elliott-wave-prophet-mt4-forex-indicator-free-download-11-smart-safe-steps-to-avoid-scams","/category/free-forex-indicator/","301","plain"
"/supertrend-multi-timeframe-forex-indicator-free-download-7-powerful-benefits-for-smarter-trading","/super-arrow-mt4-forex-indicator-free-download-powerful-7-step-guide-to-smarter-trading/","301","plain"
"/precision-trend-scalping-indicator-free-download-9-proven-tips-for-safer-smarter-scalps","/category/free-forex-indicator/","301","plain"
"/winning-forex-trading-system-free-download-powerful-safe-and-proven-rules-7-step-blueprint","/forex-viking-most-profitable-indicator-free-download-7-powerful-secrets-to-consistent-profits/","301","plain"
"/ai-gold-trading-forex-ea-reviews-7-powerful-insights-every-trader-must-know","/free-gold-trading-ea-free-download-7-powerful-benefits-smart-setup-guide/","301","plain"
"/x-fusion-ai-forex-ea-reviews-the-shocking-truth-7-powerful-insights-you-must-know","/quantum-queen-forex-ea-reviews-powerful-insights-honest-pros-7-shocking-truths/","301","plain"
"/miea-3-ea-free-download-powerful-proven-safe-access-guide","/advanced-hedge-ea-free-download-powerful-2026-guide-to-safe-smart-access/","301","plain"
"/price-action-scalper-free-download-powerful-proven-guide-for-smart-traders","/best-scalper-ea-mt4-free-download-powerful-proven-guide/","301","plain"
"/force-able-ea-free-download-powerful-truth-7-must-know-facts-before-you-install","/category/free-forex-ea/","301","plain"
"/pirate-one-ea-free-download-powerful-truth-7-must-know-facts-before-you-install","/category/mt4-mt5-expert-advisors/ea-reviews-comparisons/","301","plain"
"/e-savdogar-ea-free-download-powerful-guide-to-safe-access-smart-usage","/category/mt4-mt5-expert-advisors/ea-reviews-comparisons/","301","plain"
"/nas-killer-pro-mt4-free-download-powerful-proven-safe-setup-guide","/category/free-forex-ea/","301","plain"
"/protm-hft-mt4-ea-free-download-7-powerful-truths-every-trader-must-know","/hft-ea-free-download-7-powerful-truths-before-you-install-any-trading-robot/","301","plain"
"/yoforex-free-ea-download-7-powerful-benefits-honest-insights-you-must-know","/free-gold-trading-ea-free-download-7-powerful-benefits-smart-setup-guide/","301","plain"
"/powerful-eurusd-forex-scalping-robot-free-download-7-proven-facts-before-you-start","/category/free-forex-ea/","301","plain"
"/frankoscalp-steady-scalper-robot-free-download-powerful-guide-to-safe-smart-trading","/xauusd-trading-robot-free-download-7-powerful-secrets-to-maximize-gold-profits-safely/","301","plain"
"/goldminer-votann-mt4-gold-ea-free-download-powerful-proven-trading-bot-guide-7-must-know-facts","/gold-hitter-ea-mt4-free-download-powerful-2026-guide-to-safe-setup-profitable-trading/","301","plain"
"/chatgpt-forex-robot-lena-scalper-ea-free-download-powerful-guide-with-honest-insights-proven-facts","/top-7-best-free-forex-scalper-ea-for-mt4-download/","301","plain"
"/dollar-index-free-download-complete-guide-charts-reliable-sources","/category/ai-powered-trading-tools/brokers-trading-platforms/","301","plain"
"/gann-sq9-forex-indicator-mt4-free-download-powerful-proven-trading-tool","/📈-pro-trend-line-indicator-free-download-7-powerful-benefits-every-trader-must-know/","301","plain"
"/🚀-best-trend-trading-mt4-indicator-free-download-powerful-profitable-picks","/📈-pro-trend-line-indicator-free-download-7-powerful-benefits-every-trader-must-know/","301","plain"
"/the-fibonacci-moving-averages-mt4-indicator-free-download-powerful-trading-strategy-with-7-proven-benefits","/🚀-moving-average-crossover-arrows-indicator-mt5-free-download-powerful-profitable-guide/","301","plain"
"/🚀-powerful-7-step-guide-to-the-pivot-custom-indicator-mt4-free-download-for-smarter-trading","/🚀-mt4-x-speed-forex-indicator-free-download-powerful-proven-guide/","301","plain"
"/central-pivot-range-forex-indicator-mt4-free-download-powerful-trading-edge-with-7-proven-benefits","/cpr-forex-indicator-for-mt4-free-download-7-powerful-benefits-proven-trading-secrets/","301","plain"
"/🏆-ribbon-explosion-trend-momentum-strategy-for-mt5-free-download-7-powerful-benefits-traders-must-know","/category/mt4-mt5-expert-advisors/ea-reviews-comparisons/","301","plain"
"/mtf-wpr-forex-indicator-mt4-free-download-7-powerful-benefits-complete-setup-guide","/cpr-forex-indicator-for-mt4-free-download-7-powerful-benefits-proven-trading-secrets/","301","plain"
"/inception-metatrader-trading-system-free-download-risky-truth-9-smart-ways-to-get-it-safely","/category/mt4-mt5-expert-advisors/ea-reviews-comparisons/","301","plain"
"/forex-aurum-indicator-free-download-7-powerful-secrets-to-boost-your-trading-success","/cpr-forex-indicator-for-mt4-free-download-7-powerful-benefits-proven-trading-secrets/","301","plain"
"/📈-rsi-slope-divergence-mt5-forex-indicator-free-download-powerful-proven-trading-edge","/cpr-forex-indicator-for-mt4-free-download-7-powerful-benefits-proven-trading-secrets/","301","plain"
"/super-trend-hull-mt5-forex-indicator-free-download-the-ultimate-powerful-guide-for-smart-traders","/🚀-powerful-proven-crypto-trading-indicator-system-mt5-free-download/","301","plain"
"/heiken-ashi-kuskus-forex-scalping-indicator-free-download-powerful-proven-guide","/category/free-forex-indicator/","301","plain"
"/olymp-trade-binary-options-system-mt4-free-download-powerful-7-step-guide-to-smarter-trading","/category/free-forex-indicator/","301","plain"
"/🕯️-candle-time-and-spread-indicator-free-download-7-powerful-benefits-every-trader-must-know","/🚀-mt4-x-speed-forex-indicator-free-download-powerful-proven-guide/","301","plain"
"/another-good-forex-zigzag-indicator-free-download-7-powerful-reasons-traders-love-it","/forex-plutus-best-premium-indicator-free-download-7-powerful-reasons-traders-love-it/","301","plain"
"/ai-gold-scalp-forex-ea-reviews-shocking-truth-7-powerful-insights-before-you-invest","/free-gold-trading-ea-free-download-7-powerful-benefits-smart-setup-guide/","301","plain"
"/ai-gold-sniper-forex-ea-reviews-7-powerful-insights-you-must-know-before-investing","/category/ai-powered-trading-tools/ai-ea-reviews/","301","plain"
"/the-gold-phantom-forex-ea-reviews-7-shocking-truths-every-trader-must-know-before-investing","/aura-ultimate-ea-forex-ea-reviews-powerful-insights-7-shocking-truths-you-must-know/","301","plain"
"/xau-master-ea-forex-ea-reviews-7-powerful-truths-every-trader-must-know-before-investing","/bb-return-forex-ea-reviews-7-powerful-truths-every-trader-must-know-before-investing/","301","plain"
"/🚀-the-bitcoin-core-forex-ea-reviews-7-powerful-insights-you-must-know-before-investing","/category/ai-powered-trading-tools/ai-ea-reviews/","301","plain"
"/live-forex-trading-ea-forex-ea-reviews-7-powerful-truths-every-trader-must-know","/category/forex-ea-reviews/","301","plain"
"/daytrade-pro-algo-forex-ea-reviews-7-powerful-truths-you-must-know-before-investing","/bb-return-forex-ea-reviews-7-powerful-truths-every-trader-must-know-before-investing/","301","plain"
"/candle-body-percent-by-adityakharade-forex-indicator-reviews-brutally-honest-powerful-insights-7-pro-tips","/category/forex-indicator-reviews/","301","plain"
"/trade-explorer-ea-free-download-7-powerful-insights-before-you-install-this-trading-robot","/category/mt4-mt5-expert-advisors/ea-reviews-comparisons/","301","plain"
"/🚀-alpha-gen-ea-free-download-the-ultimate-safe-powerful-guide","/category/free-forex-ea/","301","plain"
"/candlestick-pattern-reversal-detector-indicator-free-download-powerful-proven","/range-detector-indicator-mt4-mt5-free-download-powerful-7-step-guide-to-smarter-range-trading/","301","plain"
"/spearman-correlation-forex-indicator-free-download-powerful-proven-7-step-trading-advantage","/cpr-forex-indicator-for-mt4-free-download-7-powerful-benefits-proven-trading-secrets/","301","plain"
"/trend-force-forex-indicator-mt4-free-download-powerful-proven-tool-for-accurate-trend-trading","/cpr-forex-indicator-for-mt4-free-download-7-powerful-benefits-proven-trading-secrets/","301","plain"
"/lucky-reversal-mt4-forex-indicator-free-download-powerful-proven-trading-tool","/cpr-forex-indicator-for-mt4-free-download-7-powerful-benefits-proven-trading-secrets/","301","plain"
"/🔥-stryder-forex-trading-strategy-free-download-powerful-7-step-system-for-consistent-profits","/forex-viking-most-profitable-indicator-free-download-7-powerful-secrets-to-consistent-profits/","301","plain"
"/titanx-pro-indicator-free-download-7-powerful-facts-you-must-know-before-installing","/ultimate-pro-scalper-forex-indicator-free-download-7-powerful-secrets-every-trader-must-know/","301","plain"
"/nano-machine-forex-ea-reviews-7-powerful-truths-every-trader-must-know","/category/mt4-mt5-expert-advisors/ea-reviews-comparisons/","301","plain"
"/xauusd-breeze-forex-ea-reviews-7-powerful-truths-every-gold-trader-must-know","/goldbaron-xauusd-ea-forex-ea-reviews-7-powerful-truths-every-trader-must-know/","301","plain"
"/🚀-xenclarity-forex-ea-reviews-7-powerful-insights-every-trader-must-know","/volumehedger-forex-ea-reviews-7-powerful-truths-every-trader-must-know/","301","plain"
"/autorithm-ai-forex-ea-reviews-7-powerful-insights-you-must-know-before-investing","/bb-return-forex-ea-reviews-7-powerful-truths-every-trader-must-know-before-investing/","301","plain"
"/adaptive-squeeze-momentum-pro-by-willyalgotrader-forex-indicator-reviews-powerful-insights-7-proven-benefits","/ultimate-pro-scalper-forex-indicator-free-download-7-powerful-secrets-every-trader-must-know/","301","plain"
"/7-powerful-strategies-for-fixing-common-ea-compilation-errors","/category/installation-setup/","301","plain"
"/top-10-powerful-confluence-factors-for-better-entries","/category/strategies-best-practices/","301","plain"
"/mt4-journal-common-ea-error-messages-and-fixes-17-powerful-ways-to-solve-expert-advisor-issues","/category/mt4-mt5-expert-advisors/","301","plain"
"/10-best-ecn-brokers-for-mt4-expert-advisors-powerful-list-for-automated-trading-success","/category/ai-powered-trading-tools/","301","plain"
"/10-best-free-tools-for-analyzing-mt4-robot-drawdowns-powerful-guide-for-safe-forex-trading","/mft-trading-robot-mt4-free-download-7-powerful-facts-you-must-know-before-installing/","301","plain"
"/how-to-calculate-sharpe-ratio-for-forex-eas-11-powerful-steps-for-better-trading-performance","/category/installation-setup/","301","plain"
"/multi-timeframe-confirmation-in-mql4-indicator-logic-complete-power-guide","/category/installation-setup/","301","plain"
"/bollinger-bands-scalping-system-for-mt4-rules-proven-strategy-for-fast-accurate-trades","/category/installation-setup/","301","plain"
"/10-powerful-steps-on-how-to-use-moving-average-crossover-in-mt4-beginner-friendly-guide","/🚀-moving-average-crossover-arrows-indicator-mt5-free-download-powerful-profitable-guide/","301","plain"
"/15-powerful-prop-firm-rules-for-new-traders","/prop-firm-ea-free-download-7-powerful-truths-every-trader-must-know/","301","plain"
"/top-10-powerful-free-quizzes-to-test-forex-knowledge-for-beginners","/category/installation-setup/","301","plain"
"/best-demo-accounts-for-practicing-forex-trading-10-powerful-options","/category/strategies-best-practices/","301","plain"
"/top-10-things-to-know-about-payout-frequency-in-prop-programs","/category/prop-firm-reviews/","301","plain"
"/adx-indicator-above-40-meaning","/category/technical-analysis/","301","plain"
"/volume-profile-visible-range-trading-a-complete-guide","/best-volume-profile-indicator-for-tradingview-free/","301","plain"
"/top-5-high-impact-news-every-trader-must-know-powerful-insights-for-market-success","/category/fundamental-analysis/","301","plain"
"/volume-profile-analysis-for-day-trading-a-comprehensive-guide","/category/forex-indicator-reviews/","301","plain"
"/10-powerful-best-practices-for-martingale-strategy-in-mt4-complete-guide","/category/forex-trading-strategies/","301","plain"
"/10-powerful-breakout-scalper-ea-settings-for-mt4-that-dramatically-boost-profits","/category/installation-setup/","301","plain"
"/how-to-export-mt4-ea-trade-history-the-ultimate-step-by-step-guide","/ultimate-trade-assistant-free-download-7-powerful-benefits-every-trader-will-love/","301","plain"
"/how-to-fix-compile-errors-in-mql4-complete-step-by-step-guide","/category/installation-setup/","301","plain"
"/pivot-points-indicator-mt4-with-alerts","/🚀-mt4-x-speed-forex-indicator-free-download-powerful-proven-guide/","301","plain"
"/7-powerful-steps-to-install-gann-hilo-activator-arrow-indicator-on-mt4-beginner-friendly-guide","/category/mt4-mt5-expert-advisors/","301","plain"
"/top-7-powerful-ways-to-master-the-eod-binary-options-strategy-using-mt4-proven-method","/category/installation-setup/","301","plain"
"/7-powerful-ways-to-master-free-mt4-rsi-divergence-indicator-setup-and-signals-step-by-step-guide","/category/forex-trading-strategies/","301","plain"
"/powerful-guide-to-free-cci-channel-breakout-indicator-for-mt5","/category/mt4-mt5-expert-advisors/ea-development-mql4-mql5/","301","plain"
"/free-vertical-horizontal-filter-vhf-trend-strength-test-9-powerful-insights-for-better-trading","/category/forex-trading-strategies/","301","plain"
"/how-to-start-forex-trading-with-small-capital-proven-strategies-for-beginners","/category/forex-trading-strategies/","301","plain"
"/the-10-best-equity-curve-smoothing-techniques-for-powerful-trading-optimization","/category/beginners-guides-forex-basics/","301","plain"
"/ichimoku-wave-theory-an-advanced-trading-guide","/category/forex-indicator-reviews/","301","plain"
"/best-vwma-settings-with-volume-profile","/best-volume-profile-indicator-for-tradingview-free/","301","plain"
"/how-to-trade-news-without-blowing-your-account","/category/forex-trading-strategies/","301","plain"
"/forex-correlation-trading-strategy-explained","/category/strategies-best-practices/","301","plain"
"/eur-usd-and-gbp-usd-correlation-trading-strategy","/category/strategies-best-practices/","301","plain"
"/best-months-to-trade-usd-jpy","/category/strategies-best-practices/","301","plain"
"/alpinist-ea-free-download-7-crucial-facts-you-must-know-before-installing","/category/mt4-mt5-expert-advisors/ea-reviews-comparisons/","301","plain"
"/mission-profit-ea-free-download-the-ultimate-powerful-guide-to-safe-smart-access","/advanced-hedge-ea-free-download-powerful-2026-guide-to-safe-smart-access/","301","plain"
"/pinpoint-ea-free-download-7-powerful-truths-you-must-know-before-installing","/category/free-forex-ea/","301","plain"
"/xproscalper-robot-mt4-free-download-7-powerful-facts-every-trader-must-know","/mft-trading-robot-mt4-free-download-7-powerful-facts-you-must-know-before-installing/","301","plain"
"/fxrobot-mt4-ea-free-download-17-powerful-truths-safe-smart-risk-aware-guide","/category/mt4-mt5-expert-advisors/","301","plain"
"/profitable-mt4-gold-forex-robot-free-download-smart-safe-legit-ways-7-step-guide","/ai-gold-scalping-ea-free-download-powerful-profitable-2026-guide-7-proven-insights/","301","plain"
"/gold-auto-trading-mt4-ea-free-download-ultimate-safe-guide-powerful-tips-9-key-checks","/gold-hitter-ea-mt4-free-download-powerful-2026-guide-to-safe-setup-profitable-trading/","301","plain"
"/multi-currency-grid-robot-free-download-7-powerful-secrets-to-maximize-forex-profits-safely","/category/mt4-mt5-expert-advisors/ea-reviews-comparisons/","301","plain"
"/rsi-on-ma-indicator-free-download-powerful-proven-strategy-guide","/category/forex-trading-strategies/","301","plain"
"/money-management-forex-indicator-mt5-free-download-7-powerful-benefits-every-trader-must-know","/🚀-boom-and-crash-mt5-indicator-free-download-7-powerful-benefits-every-trader-must-know/","301","plain"
"/10-powerful-secrets-for-step-by-step-mt4-ea-setup-for-beginners-guaranteed-success","/category/installation-setup/","301","plain"
"/how-to-find-broker-server-address-in-mt4-the-ultimate-step-by-step-guide","/category/installation-setup/","301","plain"
"/best-gann-scalping-strategy-for-forex-beginners-7-powerful-techniques-you-must-know","/category/installation-setup/","301","plain"
"/emperor-trading-system-rules-and-indicators-best-guide-for-traders","/category/installation-setup/","301","plain"
"/12-best-forex-trading-strategies-for-5-minute-charts-proven-fast-effective","/category/installation-setup/","301","plain"
"/free-templates-for-forex-risk-management-plans-12-powerful-tools-to-protect-your-trading","/category/strategies-best-practices/","301","plain"
"/forex-cyborg-ea-free-download-powerful-truth-7-must-know-facts-before-you-install","/volumehedger-forex-ea-reviews-7-powerful-truths-every-trader-must-know/","301","plain"
"/slk-fintech-ea-free-download-7-powerful-facts-every-trader-must-know","/category/mt4-mt5-expert-advisors/ea-reviews-comparisons/","301","plain"
"/ftmo-passing-ea-free-download-powerful-proven-2026-guide-to-pass-challenges-fast","/category/free-forex-ea/","301","plain"
"/easy-to-use-safe-forex-ea-free-download-7-powerful-benefits-smart-setup-guide","/usdjpy-safe-expert-advisor-free-download-7-powerful-benefits-smart-setup-guide/","301","plain"
"/andalan-trade-ea-overview-features-how-it-works","/category/mt4-mt5-expert-advisors/ea-reviews-comparisons/","301","plain"
"/best-scalper-ea-free-download-7-powerful-secrets-to-maximize-forex-profits","/🚀-bitcoin-scalper-ea-free-download-powerful-guide-with-7-shocking-benefits-for-traders/","301","plain"
"/neualgo-velocity-free-download-the-ultimate-guide-to-safe-powerful-access","/advanced-hedge-ea-free-download-powerful-2026-guide-to-safe-smart-access/","301","plain"
"/good-morning-ultimate-ea-free-download-7-powerful-truths-you-must-know-before-installing","/category/free-forex-ea/","301","plain"
"/aria-scalper-mt4-ea-free-download-7-powerful-truths-every-trader-must-know","/best-scalper-ea-mt4-free-download-powerful-proven-guide/","301","plain"
"/mastermind-grid-trading-ea-free-download-7-powerful-benefits-every-trader-must-know","/free-gold-trading-ea-free-download-7-powerful-benefits-smart-setup-guide/","301","plain"
"/algoscalppro-scalping-recovery-ea-free-download-guide-safe-smart-alternatives","/category/free-forex-ea/","301","plain"
"/advanced-mt4-gold-ea-free-download-powerful-guide-9-safety-tips","/pharaoh-gold-ea-mt4-free-download-7-powerful-facts-every-trader-must-know-before-installing/","301","plain"
"/titan-diamond-ea-free-download-powerful-guide-to-safe-smart-access","/advanced-hedge-ea-free-download-powerful-2026-guide-to-safe-smart-access/","301","plain"
"/tdi-bounce-forex-scalping-strategy-7-powerful-secrets-for-consistent-profits","/monopolist-scalping-expert-advisor-free-download-powerful-7-step-guide-to-smart-forex-profits/","301","plain"
"/7-proven-safe-tips-for-leopard-scalper-ict-ea-free-download-avoid-costly-scams","/category/mt4-mt5-expert-advisors/ea-reviews-comparisons/","301","plain"
"/elite-tactics-ea-free-download-powerful-proven-7-step-guide-to-smarter-forex-trading","/category/mt4-mt5-expert-advisors/ea-reviews-comparisons/","301","plain"
"/sideway-trend-indicator-free-download-powerful-proven-guide-for-smart-traders","/category/free-forex-indicator/","301","plain"
"/rsi-trend-catcher-signal-forex-indicator-free-download-powerful-proven-7-step-trading-advantage","/ai-trend-booster-ea-free-download-powerful-proven-trading-advantage-guide/","301","plain"
"/price-patterns-forex-indicator-free-download-7-powerful-benefits-every-trader-must-know","/cap-channel-forex-indicator-free-download-7-powerful-benefits-every-trader-must-know/","301","plain"
"/ferru-mtf-atr-forex-indicator-free-download-powerful-proven-tool-for-smarter-trading","/nexus-6-0-binary-indicator-free-download-powerful-proven-trading-tool-guide/","301","plain"
"/round-price-ext-trading-forex-indicator-free-download-7-powerful-benefits-every-trader-must-know","/cpr-forex-indicator-for-mt4-free-download-7-powerful-benefits-proven-trading-secrets/","301","plain"
"/forex-voltage-the-powerful-truth-7-shocking-facts-before-you-download","/category/free-forex-indicator/","301","plain"
"/stochastic-x8-mt4-indicator-free-download-powerful-8x-accuracy-trading-tool-revealed","/super-arrow-mt4-forex-indicator-free-download-powerful-7-step-guide-to-smarter-trading/","301","plain"
"/tro-midpoint-forex-indicator-mt4-free-download-powerful-9-step-setup-for-cleaner-price-action","/🚀-mt4-x-speed-forex-indicator-free-download-powerful-proven-guide/","301","plain"
"/wolf-waves-scanner-forex-indicator-mt4-free-download-11-powerful-ways-to-use-it-safely-trade-smarter","/forex-smc-indicator-for-mt4-free-download-powerful-7-step-guide-to-install-trade-smarter/","301","plain"
"/fx-sonic-wave-pro-indicator-free-download-powerful-truth-7-key-facts-you-must-know","/category/free-forex-indicator/","301","plain"
"/point-of-balance-mt5-forex-indicator-free-download-powerful-strategy-guide-7-proven-benefits","/cpr-forex-indicator-for-mt4-free-download-7-powerful-benefits-proven-trading-secrets/","301","plain"
"/ict-asian-range-indicator-for-mt4-complete-guide-free-options","/binary-options-signals-indicator-mt4-free-download-powerful-proven-guide/","301","plain"
"/100-pips-daily-mt4-indicator-system-free-download-shocking-truth-9-smart-steps-to-stay-safe","/noble-impulse-v4-indicator-and-strategies-for-free-download-powerful-guide-9-proven-tactics/","301","plain"
"/fx-pips-predator-mt4-forex-indicator-free-download-the-ultimate-safe-guide-9-must-know-facts","/🚀-mt4-x-speed-forex-indicator-free-download-powerful-proven-guide/","301","plain"
"/🌪️-tornado-non-repainting-indicator-powerful-free-download-guide","/best-non-repainting-arrow-indicator-for-forex/","301","plain"
"/forex-shark-ultimate-trend-signals-indicator","/forex-millionaire-indicator-free-download-7-powerful-truths-you-must-know-before-installing/","301","plain"
"/src-indicator-mt4-free-download-complete-guide","/binary-options-signals-indicator-mt4-free-download-powerful-proven-guide/","301","plain"
"/gold-trade-forex-ea-reviews-7-powerful-insights-you-must-know-before-investing","/bb-return-forex-ea-reviews-7-powerful-truths-every-trader-must-know-before-investing/","301","plain"
"/konjiki-ai-forex-ea-reviews-7-powerful-insights-every-trader-must-know","/category/ai-powered-trading-tools/ai-ea-reviews/","301","plain"
"/tsr-kz-v2-by-somstradamus-forex-indicator-reviews-powerful-truth-7-must-know-insights","/forex-millionaire-indicator-free-download-7-powerful-truths-you-must-know-before-installing/","301","plain"
"/lowest-cost-windows-vps-for-forex-trading-in-2026-cheap-mt4-mt5-hosting-that-actually-works","/category/ai-powered-trading-tools/","301","plain"
"/dali-perfect-ea-free-download-the-ultimate-guide-to-safe-smart-access-7-powerful-insights","/category/mt4-mt5-expert-advisors/ea-reviews-comparisons/","301","plain"
"/forexkingle-ea-free-download-the-ultimate-powerful-guide-with-7-smart-insights","/category/free-forex-ea/","301","plain"
"/force-investor-ea-free-download-7-powerful-facts-honest-insights-smart-tips","/category/free-forex-ea/","301","plain"
"/forex-combo-free-download-7-powerful-secrets-you-must-know-before-installing","/volumehedger-forex-ea-reviews-7-powerful-truths-every-trader-must-know/","301","plain"
"/best-ea-free-download-7-powerful-secrets-to-boost-your-forex-trading-safely","/advanced-hedge-ea-free-download-powerful-2026-guide-to-safe-smart-access/","301","plain"
"/thg-straddle-trader-diamond-ea-free-download-7-powerful-facts-every-trader-must-know","/category/free-forex-ea/","301","plain"
"/xo-forex-trading-free-download-the-ultimate-safe-guide-powerful-setup-tips","/xauusd-trading-robot-free-download-7-powerful-secrets-to-maximize-gold-profits-safely/","301","plain"
"/nasdaq-ghost-free-download-7-shocking-truths-you-must-know-before-installing","/category/ai-powered-trading-tools/ai-ea-reviews/","301","plain"
"/ind-scalper-forex-ea-free-download-7-powerful-truths-you-must-know-before-installing","/top-7-best-free-forex-scalper-ea-for-mt4-download/","301","plain"
"/fondex-high-frequency-ea-free-download-7-powerful-truths-every-trader-must-know","/gold-high-frequency-scalping-ea-free-download-7-powerful-truths-you-must-know-before-installing/","301","plain"
"/punisher-scalper-ea-free-download-7-powerful-truths-you-must-know-before-installing","/🚀-bitcoin-scalper-ea-free-download-powerful-guide-with-7-shocking-benefits-for-traders/","301","plain"
"/adaptive-trading-ea-free-download-7-powerful-benefits-smart-setup-guide","/free-gold-trading-ea-free-download-7-powerful-benefits-smart-setup-guide/","301","plain"
"/forex-winner-ea-free-download-7-powerful-truths-you-must-know-before-installing","/category/mt4-mt5-expert-advisors/ea-reviews-comparisons/","301","plain"
"/vigorous-fx-review-free-download-7-powerful-reasons-traders-love-this-dynamic-indicator","/category/ai-powered-trading-tools/ai-trading-indicators/","301","plain"
"/barrows-swing-forex-indicator-free-download-powerful-proven-strategy-guide","/🚀-mt4-x-speed-forex-indicator-free-download-powerful-proven-guide/","301","plain"
"/auto-breakouts-and-retests-indicator-free-download-powerful-proven-trading-tool","/category/ai-powered-trading-tools/ai-trading-indicators/","301","plain"
"/zigzag-ws-channel-forex-indicator-free-download-powerful-proven-strategy-guide","/cap-channel-forex-indicator-free-download-7-powerful-benefits-every-trader-must-know/","301","plain"
"/the-ultimate-forex-reversal-strategy-free-download-7-powerful-secrets-for-maximum-profit","/category/forex-trading-strategies/","301","plain"
"/📈-previous-highs-lows-forex-indicator-free-download-guide-powerful-proven-trading-tool","/nexus-6-0-binary-indicator-free-download-powerful-proven-trading-tool-guide/","301","plain"
"/🔥-th100-elite-indicator-free-download-the-ultimate-powerful-guide","/category/ai-powered-trading-tools/ai-trading-indicators/","301","plain"
"/top-5-trading-tools-to-improve-your-trading-free-download-powerful-picks-for-smarter-profits","/category/free-forex-indicator/","301","plain"
"/auto-support-resistance-indicator-free-download-7-powerful-benefits-every-trader-must-know","/cpr-forex-indicator-for-mt4-free-download-7-powerful-benefits-proven-trading-secrets/","301","plain"
"/the-fourier-extrapolator-mt4-indicator-free-download-7-powerful-insights-every-trader-must-know","/🚀-mt4-x-speed-forex-indicator-free-download-powerful-proven-guide/","301","plain"
"/multi-moving-average-mt4-indicator-free-download-7-powerful-benefits-every-trader-must-know","/🚀-moving-average-crossover-arrows-indicator-mt5-free-download-powerful-profitable-guide/","301","plain"
"/forex-destructor-free-mt4-strategy-download-7-powerful-secrets-traders-must-know","/top-7-best-free-forex-scalper-ea-for-mt4-download/","301","plain"
"/trx-mt4-scalping-system-free-download-risky-truths-safe-options-and-9-smart-steps","/🚀-master-scalping-trading-system-mt4-free-download-ultimate-proven-guide-7-powerful-benefits/","301","plain"
"/king-iq-option-indicator-system-the-ultimate-powerful-strategy-guide","/category/free-forex-indicator/","301","plain"
"/forex-spectrum-mt4-trading-systems-free-download-powerful-7-step-guide-to-smarter-trading","/🚀-master-scalping-trading-system-mt4-free-download-ultimate-proven-guide-7-powerful-benefits/","301","plain"
"/rainbow-forex-indicator-mt4-free-download-7-powerful-benefits-every-trader-must-know","/cpr-forex-indicator-for-mt4-free-download-7-powerful-benefits-proven-trading-secrets/","301","plain"
"/trading-armex-fibonacci-forex-indicator-free-download-guide","/elliot-fibonacci-forex-indicator-free-download-7-powerful-secrets-to-maximize-profits/","301","plain"
"/pinbar-detector-forex-indicator-free-download-7-powerful-benefits-every-trader-must-know","/cap-channel-forex-indicator-free-download-7-powerful-benefits-every-trader-must-know/","301","plain"
"/light-wins-mt4-renko-trading-system-free-download-powerful-proven-7-step-strategy-for-explosive-profits","/category/free-forex-indicator/","301","plain"
"/quantumfx-forex-indicator-system-free-download-the-shocking-truth-11-safer-ways-to-get-legit-trading-tools","/🚀-powerful-proven-crypto-trading-indicator-system-mt5-free-download/","301","plain"
"/mt4-fx-trader-indicator-free-download-powerful-proven-trading-guide","/🚀-mt4-x-speed-forex-indicator-free-download-powerful-proven-guide/","301","plain"
"/price-action-4h-binary-option-indicator-free-download-powerful-proven-7-step-trading-edge","/nexus-6-0-binary-indicator-free-download-powerful-proven-trading-tool-guide/","301","plain"
"/🚀-algo-fibonacci-scalper-system-free-download-7-powerful-secrets-to-maximize-profits-fast","/elliot-fibonacci-forex-indicator-free-download-7-powerful-secrets-to-maximize-profits/","301","plain"
"/📊-turning-points-and-divergence-indicator-free-download-guide","/category/free-forex-indicator/","301","plain"
"/fxcore100-indicator-free-download-complete-guide-visual-overview","/category/ai-powered-trading-tools/ai-trading-indicators/","301","plain"
"/akali-forex-ea-reviews-7-powerful-insights-every-trader-must-know-before-investing","/category/mt4-mt5-expert-advisors/ea-reviews-comparisons/","301","plain"
"/xauusd-quantum-pro-ea-forex-ea-reviews-powerful-insights-7-proven-facts-you-must-know","/quantum-queen-forex-ea-reviews-powerful-insights-honest-pros-7-shocking-truths/","301","plain"
"/ultimate-pulse-forex-ea-reviews-7-powerful-truths-you-must-know-before-investing","/bb-return-forex-ea-reviews-7-powerful-truths-every-trader-must-know-before-investing/","301","plain"
"/infinite-wave-forex-ea-reviews-7-shocking-facts-smart-traders-must-know","/category/forex-ea-reviews/","301","plain"
"/quantix-core-g33-ea-forex-ea-reviews-the-brutal-truth-behind-this-powerful-trading-bot","/category/forex-ea-reviews/","301","plain"
"/aura-neuron-forex-ea-reviews-7-shocking-truths-every-trader-must-know-before-investing","/bb-return-forex-ea-reviews-7-powerful-truths-every-trader-must-know-before-investing/","301","plain"
"/arbitrage-scanner-pro-multi-asset-dashboard-by-zakalgo_trade-forex-indicator-reviews-powerful-insights-7-shocking-truths","/category/ai-powered-trading-tools/ai-trading-indicators/","301","plain"
"/htf-candles-dashboard-by-asviews-forex-indicator-reviews-7-powerful-insights-every-trader-must-know","/category/forex-indicator-reviews/","301","plain"
"/rins-expert-advisor-free-download-the-ultimate-safe-smart-guide-7-powerful-insights","/usdjpy-safe-expert-advisor-free-download-7-powerful-benefits-smart-setup-guide/","301","plain"
"/konstatine-robot-ea-free-download-7-powerful-facts-every-trader-must-know-before-installing","/category/mt4-mt5-expert-advisors/ea-reviews-comparisons/","301","plain"
"/steady-profit-ea-free-download-7-powerful-truths-every-trader-must-know","/category/mt4-mt5-expert-advisors/ea-reviews-comparisons/","301","plain"
"/profitable-scalping-mt4-ea-free-download-7-powerful-secrets-to-maximize-forex-gains","/us30-scalping-ea-free-download-powerful-proven-7-step-guide-to-maximize-profits/","301","plain"
"/brilliant-pro-ea-free-download-powerful-proven-forex-robot-guide","/forex-scanner-pro-indicator-system-for-mt4-free-download-ultimate-powerful-guide-setup/","301","plain"
"/alphaflow-ea-free-download-powerful-guide-to-safe-smart-access","/category/mt4-mt5-expert-advisors/","301","plain"
"/rising-and-falling-window-gap-finder-indicator-free-download-powerful-proven-trading-tool","/nexus-6-0-binary-indicator-free-download-powerful-proven-trading-tool-guide/","301","plain"
"/grid-round-numbers-forex-indicator-free-download-powerful-7-step-guide-to-master-psychological-levels","/category/free-forex-indicator/","301","plain"
"/trend-scalp-forex-indicator-mt5-free-download-7-powerful-benefits-complete-setup-guide","/range-detector-indicator-mt4-mt5-free-download-powerful-7-step-guide-to-smarter-range-trading/","301","plain"
"/get-profit-forex-trading-indicator-system-free-download-powerful-proven-guide","/cpr-forex-indicator-for-mt4-free-download-7-powerful-benefits-proven-trading-secrets/","301","plain"
"/lmt-formula-forex-trading-strategy-7-powerful-secrets-for-consistent-profits","/forex-viking-most-profitable-indicator-free-download-7-powerful-secrets-to-consistent-profits/","301","plain"
"/schaff-trend-cycle-forex-indicator-free-download-powerful-guide-to-smarter-trading-success","/📈-pro-trend-line-indicator-free-download-7-powerful-benefits-every-trader-must-know/","301","plain"
"/gold-vector-strategy-forex-ea-reviews-7-powerful-truths-every-trader-must-know","/the-gold-reaper-forex-ea-reviews-powerful-truths-7-critical-insights-before-you-invest/","301","plain"
"/xg-gold-robot-forex-ea-reviews-7-powerful-truths-every-trader-must-know-before-buying","/category/forex-ea-reviews/","301","plain"
"/🚀-trend-velocity-channel-by-backquant-forex-indicator-reviews-7-powerful-truths-every-trader-must-know","/cap-channel-forex-indicator-free-download-7-powerful-benefits-every-trader-must-know/","301","plain"
"/abc-support-and-resistance-liquidity-sweep-by-growithme-forex-indicator-reviews-powerful-7-truths-every-trader-must-know","/order-blocks-indicator-for-mt4-mt5-free-download-7-powerful-benefits-smart-traders-cant-ignore/","301","plain"
"/7-powerful-ways-to-attract-angel-investors-for-trading-bots","/category/ai-powered-trading-tools/","301","plain"
"/ultimate-crowd-trading-platforms-review-top-insights-pros-cons-ratings","/category/prop-firm-reviews/","301","plain"
"/risk-management-settings-for-grid-ea-explained-7-powerful-ways-to-reduce-losses","/category/risk-money-management/","301","plain"
"/equity-guardian-ea-to-pause-trading-after-loss-powerful-guide-to-stop-drawdown-fast","/category/mt4-mt5-expert-advisors/ea-settings-optimization/","301","plain"
"/10-powerful-ways-to-understand-how-to-read-journal-and-experts-tab-errors-quickly","/category/installation-setup/","301","plain"
"/top-10-powerful-best-strategies-for-grid-trading-on-mt4","/10-powerful-grid-trading-ea-safe-settings-for-mt4-to-reduce-risk-and-boost-profitability/","301","plain"
"/what-is-the-wyckoff-method-for-forex-analysis-powerful-guide-for-traders","/category/forex-trading-strategies/","301","plain"
"/top-10-powerful-ways-to-use-c-ot-reports-for-position-trading-pro-traders-guide","/category/forex-trading-strategies/","301","plain"
"/mt4-mobile-add-custom-indicator-workaround-the-ultimate-guide-to-bypassing-limitations","/category/installation-setup/","301","plain"
"/equity-based-lot-sizing-in-expert-advisors-7-powerful-advantages-for-safer-automated-trading","/category/strategies-best-practices/","301","plain"
"/7-powerful-steps-to-master-how-to-optimize-parameters-in-mt4-expert-advisor-complete-guide","/gold-scalping-expert-advisor-mt4-free-download-powerful-proven-guide-7-winning-secrets/","301","plain"
"/monte-carlo-simulation-for-ea-robustness-a-complete-practical-guide","/category/installation-setup/","301","plain"
"/how-to-pause-all-eas-in-mt4-quickly-the-ultimate-step-by-step-guide","/category/installation-setup/","301","plain"
"/7-powerful-tips-for-installing-multiple-eas-on-single-mt4-terminal-successfully","/category/installation-setup/","301","plain"
"/top-10-powerful-fifo-compliant-expert-advisor-settings-for-us-traders","/category/installation-setup/","301","plain"
"/top-10-techniques-for-powerful-fibonacci-pullback-strategy-entries-and-targets","/category/forex-trading-strategies/forex-swing-trading/","301","plain"
"/10-powerful-tips-for-the-ultimate-grab-candles-indicator-setup-guide-for-mt4","/📊-strength-candles-buy-sell-forex-mt4-indicator-free-download-powerful-guide-smart-trading-tips/","301","plain"
"/using-vwap-rsi-hybrid-oscillator-for-momentum-confirmation-in-stocks","/category/forex-trading-strategies/","301","plain"
"/top-10-powerful-daily-timeframe-pullback-setups-for-usd-pairs","/category/installation-setup/","301","plain"
"/11-powerful-reasons-the-extreme-spike-mtf-indicator-volatility-trading-strategy-can-transform-your-results","/category/installation-setup/","301","plain"
"/how-to-use-bollinger-bands-ea-for-trend-reversal-trades-7-powerful-techniques","/category/installation-setup/","301","plain"
"/7-powerful-ways-a-free-pivot-point-indicator-with-support-resistance-levels-can-transform-your-trading","/category/forex-trading-strategies/forex-scalping/","301","plain"
"/how-to-use-fractal-chaos-bands-indicator-in-scalping-11-powerful-ways-to-boost-accuracy","/category/forex-trading-strategies/forex-scalping/","301","plain"
"/how-to-set-up-commodity-channel-index-cci-woodies-proven-powerful-guide","/category/forex-trading-strategies/","301","plain"
"/7-powerful-free-online-forex-courses-for-complete-beginners-guaranteed-to-jump-start-your-trading-journey","/forex-tester-online-backtesting-with-eas-tutorial-the-ultimate-step-by-step-guide/","301","plain"
"/binary-options-vs-spot-forex-key-differences-explained","/category/beginners-guides-forex-basics/","301","plain"
"/7-powerful-steps-for-stop-hunting-avoidance-in-forex","/category/strategies-best-practices/","301","plain"
"/7-powerful-drawdown-recovery-methods-for-traders-boost-performance-fast","/category/forex-trading-strategies/","301","plain"
"/12-powerful-ways-to-recover-from-prop-firm-loss-rebuild-your-trading-confidence-how-to-recover-from-prop-firm-loss","/category/prop-firm-reviews/","301","plain"
"/mean-reversion-strategy-in-options-trading-powerful-guide-for-traders","/category/strategies-best-practices/","301","plain"
"/bollinger-bands-squeeze-breakout-system-a-powerful-strategy-for-traders","/category/forex-trading-strategies/","301","plain"
"/donchian-channel-breakout-strategy","/category/forex-trading-strategies/","301","plain"
"/rsi-divergence-strategy-hidden-vs-regular","/category/forex-indicator-reviews/","301","plain"
"/ichimoku-vs-volume-profile-which-is-better","/best-volume-profile-indicator-for-tradingview-free/","301","plain"
"/the-best-risk-reward-ratio-for-day-trading-a-guide-to-smart-risk-management","/category/risk-money-management/","301","plain"
"/the-best-atr-multiplier-for-stop-loss-a-comprehensive-guide","/category/forex-indicator-reviews/","301","plain"
"/1-risk-vs-2-risk-per-trade-which-is-better","/category/forex-trading-strategies/","301","plain"
"/top-10-powerful-tips-for-mt4-portable-installation-for-multiple-eas-full-guide","/category/mt4-mt5-expert-advisors/","301","plain"
"/beginner-guide-to-loading-ea-on-mt4-platform-the-ultimate-step-by-step-tutorial","/category/installation-setup/","301","plain"
"/guide-to-backtesting-forex-eas-on-mt4-the-ultimate-beginner-friendly-walkthrough","/top-7-best-free-forex-scalper-ea-for-mt4-download/","301","plain"
"/how-to-backtest-mt4-ea-with-tick-data-9-powerful-steps-for-accurate-results","/category/installation-setup/","301","plain"
"/achieving-mt4-strategy-tester-modeling-quality-99-percent","/category/installation-setup/","301","plain"
"/mt4-expert-advisor-not-taking-trades-solution-complete-fixing-guide-for-traders","/category/mt4-mt5-expert-advisors/ea-settings-optimization/","301","plain"
"/mt4-ea-works-only-on-tester-fix-complete-troubleshooting-guide","/category/installation-setup/","301","plain"
"/how-to-reset-mt4-robot-settings-to-default-powerful-guide-for-beginners","/category/installation-setup/","301","plain"
"/how-to-back-up-mt4-ea-configurations-safely-proven-strategies-for","/category/installation-setup/","301","plain"
"/10-powerful-proven-best-strategies-for-breakout-trading-with-eas","/free-gold-trading-ea-free-download-7-powerful-benefits-smart-setup-guide/","301","plain"
"/mql4-object-oriented-programming-basics-complete-beginners-guide","/category/mt4-mt5-expert-advisors/ea-development-mql4-mql5/","301","plain"
"/martingale-strategy-in-forex-pros-and-cons-powerful-insights-for-traders","/category/installation-setup/","301","plain"
"/10-powerful-hedging-techniques-using-mt4-for-safer-smarter-trading","/gold-hitter-ea-mt4-free-download-powerful-2026-guide-to-safe-setup-profitable-trading/","301","plain"
"/m1-countertrend-scalpling-technique-explained-9-proven-insights-for-mastering-fast-reversals","/category/forex-trading-strategies/forex-scalping/","301","plain"
"/10-powerful-benefits-of-custom-indicators-for-mt4-platform-you-must-know","/best-custom-mt4-indicators-for-scalping/","301","plain"
"/crude-oil-robot-mt4-performance-review-and-setup-guide-10-powerful-insights-for-traders","/category/mt4-mt5-expert-advisors/ea-reviews-comparisons/","301","plain"
"/true-strength-index-tsi-divergence-ea-free-version-powerful-insights-for-smarter-trading","/category/installation-setup/","301","plain"
"/how-to-use-fibonacci-retracement-in-forex-charts-11-powerful-strategies-for-traders","/category/installation-setup/","301","plain"
"/simple-parabolicsar-strategy-for-forex-beginners-powerful-easy-guide","/category/forex-trading-strategies/","301","plain"
"/best-currency-pairs-for-carry-trading-top-picks-for-profitable-forex-strategies","/category/forex-trading-strategies/forex-swing-trading/","301","plain"
"/head-and-shoulders-pattern-in-forex-ultimate-guide-for-traders","/category/chart-patterns/","301","plain"
"/mastering-how-to-trade-breakouts-in-forex-markets-7-proven-strategies-for-maximum-profit","/category/strategies-best-practices/","301","plain"
"/harmonic-patterns-in-forex-trading-guide","/category/beginners-guides-forex-basics/","301","plain"
"/pyramiding-positions-in-winning-trades-a-comprehensive-guide","/category/beginners-guides-forex-basics/","301","plain"
"/how-to-trade-during-asian-session-a-complete-guide","/category/forex-trading-strategies/forex-scalping/","301","plain"
"/top-prop-firms-for-beginners-7-best-choices","/category/prop-firm-reviews/","301","plain"
"/bullish-engulfing-pattern-reliability-statistics","/category/forex-trading-strategies/","301","plain"
"/fibonacci-time-zones-trading-strategy-7-powerful-techniques-for-consistent-market-success","/category/technical-analysis/","301","plain"
"/how-to-combine-rsi-and-moving-averages-for-accurate-trading-signals-7-proven-strategies","/category/forex-trading-strategies/","301","plain"
"/rsi-divergence-trading-strategy-a-comprehensive-guide","/range-detector-indicator-mt4-mt5-free-download-powerful-7-step-guide-to-smarter-range-trading/","301","plain"
"/the-psychology-of-successful-swing-traders","/category/forex-trading-strategies/forex-swing-trading/","301","plain"
"/best-macd-settings-for-15-minute-chart-crypto","/category/forex-trading-strategies/forex-scalping/","301","plain"
"/how-to-read-a-fixed-range-volume-profile-on-tradingview","/best-volume-profile-indicator-for-tradingview-free/","301","plain"
"/gold-scalping-ea-mt4-review-real-account-insights","/gold-scalping-expert-advisor-mt4-free-download-powerful-proven-guide-7-winning-secrets/","301","plain"
"/ict-silver-bullet-strategy-indicator-free","/category/forex-indicator-reviews/","301","plain"
"/bollinger-bands-with-moving-average-crossover-strategy-a-comprehensive-guide","/🚀-moving-average-crossover-arrows-indicator-mt5-free-download-powerful-profitable-guide/","301","plain"
"/risk-reward-ratio-13-setup-examples","/category/forex-trading-strategies/","301","plain"
"/order-flow-trading-for-retail-traders-an-introduction","/category/forex-trading-strategies/forex-scalping/","301","plain"
"/the-big-movement-in-ea-free-download-what-you-need-to-know","/category/free-forex-ea/","301","plain"
"/af-investing-ea-free-download-7-powerful-facts-traders-must-know-before-installing","/bb-return-forex-ea-reviews-7-powerful-truths-every-trader-must-know-before-investing/","301","plain"
"/endurance-ea-free-download-the-ultimate-guide-to-safe-smart-access","/advanced-hedge-ea-free-download-powerful-2026-guide-to-safe-smart-access/","301","plain"
"/nigh-shot-mt4-scalping-ea-the-ultimate-and-risky-power-guide-in-9-steps","/category/mt4-mt5-expert-advisors/ea-reviews-comparisons/","301","plain"
"/automatic-news-trader-ea-free-download-7-powerful-benefits-smart-risks-you-must-know","/category/mt4-mt5-expert-advisors/ea-reviews-comparisons/","301","plain"
"/forex-trade-manager-mt4-free-download-7-powerful-benefits-every-trader-must-know","/forex-order-manager-trade-panel-for-mt4-free-download-powerful-7-benefits-every-trader-must-know/","301","plain"
"/automate-indicator-mt4-ea-powerful-simple-and-profitable-guide-17-steps","/automate-indicator-mt4-ea-free-download-7-powerful-benefits-every-trader-must-know/","301","plain"
"/forex-breakout-pullback-strategy-using-volume-profile-indicator-free-download-powerful-7-steps-to-a-smarter-safer-edge","/category/free-forex-indicator/","301","plain"
"/triple-top-bottom-patterns-forex-indicator-7-powerful-secrets-for-smarter-trading-success","/category/forex-trading-strategies/","301","plain"
"/fx5-macd-divergence-indicator-free-download-powerful-guide-with-7-proven-trading-benefits","/cpr-forex-indicator-for-mt4-free-download-7-powerful-benefits-proven-trading-secrets/","301","plain"
"/trend-focus-forex-trading-strategy-free-download-7-powerful-secrets-to-maximize-profits","/elliot-fibonacci-forex-indicator-free-download-7-powerful-secrets-to-maximize-profits/","301","plain"
"/ai-forex-robot-forex-ea-reviews-9-powerful-insights-every-trader-must-know","/category/ai-powered-trading-tools/ai-ea-reviews/","301","plain"
"/12-powerful-ways-to-adjust-mt4-ea-for-market-volatility-boost-performance-reduce-risk","/category/mt4-mt5-expert-advisors/ea-settings-optimization/","301","plain"
"/windows-server-vs-linux-vps-for-mt4-which-is-better-the-ultimate-2025-comparison-guide","/category/mt4-mt5-expert-advisors/","301","plain"
"/ultimate-guide-to-prop-firm-friendly-ea-settings-for-mt4","/prop-firm-ea-free-download-7-powerful-truths-every-trader-must-know/","301","plain"
"/keltner-channel-vs-bollinger-bands-comparison","/category/technical-analysis/","301","plain"
"/best-economic-calendar-for-forex-traders-top-picks-and-insights","/category/ai-powered-trading-tools/brokers-trading-platforms/","301","plain"
"/the-ichimoku-cloud-trading-setup-a-comprehensive-guide","/category/forex-trading-strategies/","301","plain"
"/top-5-custom-indicators-every-trader-needs","/forex-factory-best-custom-indicators-a-guide-to-enhancing-your-trading-strategy/","301","plain"
"/fixed-fractional-position-sizing-vs-fixed-dollar-position-sizing-a-comparative-analysis","/category/risk-money-management/","301","plain"
"/best-prop-firm-challenges-to-pass","/prop-firm-ea-free-download-7-powerful-truths-every-trader-must-know/","301","plain"
"/ny-close-scalper-free-download-the-ultimate-guide-to-powerful-intraday-trading-success","/category/free-forex-ea/","301","plain"
"/gap-and-trail-ea-free-download-7-powerful-facts-every-trader-must-know-before-installing","/category/free-forex-ea/","301","plain"
"/mg-pro-ea-free-download-7-powerful-facts-you-must-know-before-installing","/fxstabilizer-pro-ea-free-download-7-powerful-truths-every-trader-must-know-before-installing/","301","plain"
"/virtuo-multi-trading-ea-free-download-7-powerful-truths-you-must-know-before-installing","/category/free-forex-ea/","301","plain"
"/full-semi-auto-free-forex-ea-free-download-powerful-proven","/category/mt4-mt5-expert-advisors/","301","plain"
"/best-correlation-forex-ea-7-proven-advantages-for-powerful-automated-trading-success","/category/forex-trading-strategies/","301","plain"
"/hippo-trader-trend-following-ea-free-download-powerful-proven-7-step-guide-to-smart-automated-trading","/ai-trend-booster-ea-free-download-powerful-proven-trading-advantage-guide/","301","plain"
"/trend-following-multi-currency-free-mt4-ea-download-powerful-7-step-guide-to-maximize-profits-safely","/category/free-forex-ea/","301","plain"
"/goldenity-ai-ea-free-download-7-powerful-benefits-smart-setup-guide-for-traders","/free-gold-trading-ea-free-download-7-powerful-benefits-smart-setup-guide/","301","plain"
"/powerhouse-best-expert-advisor-free-download-7-powerful-reasons-traders-love-it","/category/free-forex-ea/","301","plain"
"/cypher-pattern-forex-indicator-triangle-pattern-forex-indicator-for-mt4-free-download-powerful-trading-guide","/super-arrow-mt4-forex-indicator-free-download-powerful-7-step-guide-to-smarter-trading/","301","plain"
"/📊-fx5-macd-divergence-indicator-free-download-powerful-guide-to-unlock-7-smart-trading-advantages","/category/free-forex-indicator/","301","plain"
"/bands-sniper-dynamic-support-and-resistance-indicator-free-download-powerful-proven-guide","/category/free-forex-indicator/","301","plain"
"/📊-i-session-forex-indicator-powerful-free-trading-tool-guide","/nexus-6-0-binary-indicator-free-download-powerful-proven-trading-tool-guide/","301","plain"
"/gfk-forex-indicator-for-mt4-free-download-powerful-proven-trading-tool","/super-arrow-mt4-forex-indicator-free-download-powerful-7-step-guide-to-smarter-trading/","301","plain"
"/renko-star-indicator-free-download-7-powerful-reasons-traders-love-it","/category/free-forex-indicator/","301","plain"
"/silver-trend-following-scalping-strategy-for-mt5-free-download-powerful-7-step-winning-system","/category/free-forex-indicator/","301","plain"
"/bank-level-indicator-for-mt4-free-download-powerful-7-step-guide","/🚀-mt4-x-speed-forex-indicator-free-download-powerful-proven-guide/","301","plain"
"/atr-filter-strategy-free-download-powerful-yet-risky-guide-9-practical-rules","/category/forex-trading-strategies/","301","plain"
"/mastering-forex-trends-with-the-auto-trend-channel-mt4-indicator-the-ultimate-powerful-guide-in-9-steps","/📈-pro-trend-line-indicator-free-download-7-powerful-benefits-every-trader-must-know/","301","plain"
"/alpha-trend-spotter-forex-indicator-mt4-free-download-9-powerful-tips-to-use-it-safely-smartly","/cpr-forex-indicator-for-mt4-free-download-7-powerful-benefits-proven-trading-secrets/","301","plain"
"/silver-trend-signal-forex-indicator-mt4-free-download-the-negative-truth-powerful-tips-7-must-know-steps","/category/mt4-mt5-expert-advisors/","301","plain"
"/rsi-with-fibonacci-auto-channel-mt5-forex-indicator-free-download-the-shocking-truth-9-simple-steps","/category/free-forex-indicator/","301","plain"
"/adx-vma-trend-mt5-forex-indicator-free-download-the-safe-powerful-7-step-guide","/category/ai-powered-trading-tools/ai-trading-indicators/","301","plain"
"/hikkake-pattern-forex-indicator-mt4-free-download-powerful-7-step-guide-to-trade-fakeouts-safely","/category/forex-trading-strategies/","301","plain"
"/forex-risk-management-indicator-mt4-free-download-7-powerful-benefits-for-smarter-trading","/forex-scanner-pro-indicator-system-for-mt4-free-download-ultimate-powerful-guide-setup/","301","plain"
"/fibonacci-retracement-forex-indicator-for-mt4-free-download-powerful-7-step-guide-for-smart-traders","/elliot-fibonacci-forex-indicator-free-download-7-powerful-secrets-to-maximize-profits/","301","plain"
"/python-fx-renko-indicator-free-download-powerful-9-step-guide-to-smoother-forex-signals","/forex-millionaire-indicator-free-download-7-powerful-truths-you-must-know-before-installing/","301","plain"
"/nerpa-binary-strategy-indicator-free-download-11-smart-steps-to-get-it-safely-no-nonsense-guide","/binary-options-signals-indicator-mt4-free-download-powerful-proven-guide/","301","plain"
"/🚀-bitcoin-quantum-edge-algo-forex-ea-reviews-7-shocking-truths-you-must-know-before-investing","/category/forex-ea-reviews/","301","plain"
"/ea-gold-stuff-forex-ea-reviews-7-powerful-truths-every-trader-must-know-before-investing","/category/gold-xauusd-trading/","301","plain"
"/swma-momentum-supertrend-by-rakoquant-forex-indicator-reviews-powerful-truths-7-key-trading-benefits","/cpr-forex-indicator-for-mt4-free-download-7-powerful-benefits-proven-trading-secrets/","301","plain"
"/liquidation-cascade-detector-by-cascade_indicators-forex-indicator-reviews-7-powerful-insights-every-trader-must-know","/category/ai-powered-trading-tools/ai-trading-indicators/","301","plain"
"/bestgrid-ea-free-download-powerful-7-step-guide-to-smart-grid-trading-success","/category/free-forex-ea/","301","plain"
"/shizuka-ea-free-download-7-powerful-truths-you-must-know-before-installing","/category/mt4-mt5-expert-advisors/ea-reviews-comparisons/","301","plain"
"/crazy-lock-v3-ea-free-download-7-powerful-facts-every-trader-must-know-before-installing","/category/mt4-mt5-expert-advisors/ea-reviews-comparisons/","301","plain"
"/ea-for-passing-ftmo-free-download-7-powerful-truths-every-trader-must-know","/category/free-forex-ea/","301","plain"
"/hidden-ea-free-download-7-powerful-truths-you-must-know-before-installing","/category/free-forex-ea/","301","plain"
"/martingale-expert-advisor-mt4-free-download-powerful-7-step-guide-to-maximize-forex-profits-safely","/gold-scalping-expert-advisor-mt4-free-download-powerful-proven-guide-7-winning-secrets/","301","plain"
"/benefit-ea-free-download-7-powerful-advantages-safe-setup-guide-for-smart-traders","/category/mt4-mt5-expert-advisors/","301","plain"
"/equilibrium-trader-sorgo-ea-free-download-powerful-proven-safe-setup-7-smart-tips","/category/mt4-mt5-expert-advisors/ea-reviews-comparisons/","301","plain"
"/🚀-powerful-7-reasons-why-gbpusd-scalper-king-sniper-ea-free-download-is-a-game-changer-for-forex-traders","/category/free-forex-ea/","301","plain"
"/hydrangea-ea-free-download-7-powerful-benefits-safe-setup-guide-for-smart-traders","/usdjpy-safe-expert-advisor-free-download-7-powerful-benefits-smart-setup-guide/","301","plain"
"/vigorous-fx-review-free-download-7-powerful-reasons-traders-love-this-game-changer","/category/mt4-mt5-expert-advisors/ea-reviews-comparisons/","301","plain"
"/smi-ergodic-oscillator-indicator-free-download-powerful-proven-trading-edge","/nexus-6-0-binary-indicator-free-download-powerful-proven-trading-tool-guide/","301","plain"
"/cht-value-chart-indicator-free-download-the-ultimate-powerful-guide","/🚀-mt4-x-speed-forex-indicator-free-download-powerful-proven-guide/","301","plain"
"/📊-market-structure-oscillator-free-download-powerful-proven-trading-guide","/category/ai-powered-trading-tools/ai-trading-indicators/","301","plain"
"/stochastic-momentum-with-arrows-indicator-free-download-powerful-guide-7-smart-trading-benefits","/cpr-forex-indicator-for-mt4-free-download-7-powerful-benefits-proven-trading-secrets/","301","plain"
"/dmi-adx-histogram-oscillator-forex-indicator-free-download-powerful-strategy-guide-for-smarter-trading","/super-arrow-mt4-forex-indicator-free-download-powerful-7-step-guide-to-smarter-trading/","301","plain"
"/jebatfx-breakout-trendline-indicator-free-download-powerful-proven-tool-for-explosive-forex-profits","/nexus-6-0-binary-indicator-free-download-powerful-proven-trading-tool-guide/","301","plain"
"/master-the-trend-confirmation-indicator-free-download-7-powerful-secrets-for-accurate-trading","/📈-pro-trend-line-indicator-free-download-7-powerful-benefits-every-trader-must-know/","301","plain"
"/📊-all-pivot-points-forex-indicator-free-download-powerful-proven-guide-7-key-benefits","/super-arrow-mt4-forex-indicator-free-download-powerful-7-step-guide-to-smarter-trading/","301","plain"
"/4x-wave-indicator-system-free-download-7-powerful-benefits-every-trader-must-know","/nexus-6-0-binary-indicator-free-download-powerful-proven-trading-tool-guide/","301","plain"
"/maximizing-forex-trading-potential-with-the-darvas-boxes-mt4-indicator-powerful-guide-17-proven-steps","/super-arrow-mt4-forex-indicator-free-download-powerful-7-step-guide-to-smarter-trading/","301","plain"
"/fibo-machine-pro-indicator-free-download-powerful-7-step-guide-to-smarter-forex-trading","/super-arrow-mt4-forex-indicator-free-download-powerful-7-step-guide-to-smarter-trading/","301","plain"
"/sane-fx-binary-trading-indicator-mt4-free-download-powerful-proven-strategy-guide","/binary-options-signals-indicator-mt4-free-download-powerful-proven-guide/","301","plain"
"/📰-news-info-indicator-with-auto-news-ea-stop-mt4-free-download-powerful-smart-trading-guide","/cpr-forex-indicator-for-mt4-free-download-7-powerful-benefits-proven-trading-secrets/","301","plain"
"/jazib-magnet-binary-options-mt4-indicator-free-download-powerful-accurate-trading-tool","/🏆-best-currency-strength-meter-indicator-free-download-powerful-proven-picks/","301","plain"
"/🚀-vmfx-trading-system-mt4-free-download-powerful-proven-forex-strategy-in-7-easy-steps","/📈-pro-trend-line-indicator-free-download-7-powerful-benefits-every-trader-must-know/","301","plain"
"/milliontrader-mt4-expert-advisor-indicator-free-download-powerful-guide-to-7-proven-trading-benefits","/🚀-master-scalping-trading-system-mt4-free-download-ultimate-proven-guide-7-powerful-benefits/","301","plain"
"/parabolic-sar-tma-mt4-indicator-free-download-powerful-trading-tool-for-smarter-entries","/super-arrow-mt4-forex-indicator-free-download-powerful-7-step-guide-to-smarter-trading/","301","plain"
"/ai-prop-firms-forex-ea-reviews-7-powerful-truths-you-must-know-before-investing","/prop-firm-ea-free-download-7-powerful-truths-every-trader-must-know/","301","plain"
"/tradingview-indicator-overview","/best-volume-profile-indicator-for-tradingview-free/","301","plain"
"/btc-mvrv-mvrv-z-score-by-arisaiquant-forex-indicator-reviews-the-powerful-honest-guide-13-key-insights","/category/ai-powered-trading-tools/ai-trading-indicators/","301","plain"
"/3d-rsi-by-ualgo-forex-indicator-reviews-powerful-insights-7-game-changing-benefits-for-smart-traders","/cpr-forex-indicator-for-mt4-free-download-7-powerful-benefits-proven-trading-secrets/","301","plain"
"/tjr-bos-choch-real-time-swings-by-marcelimac6-forex-indicator-reviews-7-powerful-insights-traders-must-know","/category/forex-indicator-reviews/","301","plain"
"/roboforex-review-10-deposit-30-welcome-bonus-mt4-mt5-is-it-still-1","/category/forex-broker-reviews/","301","plain"
"/titan-g7-ea-free-download-7-powerful-facts-safe-guide-must-know-tips","/advanced-hedge-ea-free-download-powerful-2026-guide-to-safe-smart-access/","301","plain"
"/powerful-7-step-guide-to-forex-gap-trading-ea-free-download-unlock-smart-profits-today","/🚀-powerful-proven-crypto-trading-indicator-system-mt5-free-download/","301","plain"
"/anti-overfitting-ea-free-download-powerful-proven-strategy-to-boost-forex-profits","/category/free-forex-ea/","301","plain"
"/pip-calculator-indicator-free-download-7-powerful-reasons-every-trader-needs-it","/category/free-forex-indicator/","301","plain"
"/🔋-smartchoise-battery-forex-ea-reviews-7-powerful-truths-every-trader-must-know","/category/forex-ea-reviews/","301","plain"
"/📊-adx-supertrend-by-rakoquant-forex-indicator-reviews-powerful-7-proven-insights-for-smarter-trading","/category/forex-trading-strategies/","301","plain"
"/top-12-powerful-requirements-for-trading-forex-full-time","/category/installation-setup/","301","plain"
"/how-to-draw-trend-lines-in-forex-powerful-techniques-for-accurate-market-analysis","/category/chart-patterns/","301","plain"
"/10-powerful-paper-trading-strategies-to-test-before-real-money-investment","/category/forex-trading-strategies/","301","plain"
"/10-powerful-ways-to-use-the-free-trix-triple-exponential-average-triple-crossover-for-better-trading-decisions","/category/installation-setup/","301","plain"
"/7-critical-risks-of-what-is-a-martingale-strategy-in-forex-risks-and-how-traders-can-avoid-them","/category/strategies-best-practices/","301","plain"
"/10-powerful-tips-what-is-a-forex-broker-and-how-to-choose-one-beginner-friendly-guide","/category/ai-powered-trading-tools/","301","plain"
"/head-and-shoulders-pattern-explained-with-examples-powerful-trading-guide","/category/forex-trading-strategies/","301","plain"
"/how-to-trade-federal-reserve-fomc-meeting-live-7-powerful-strategies-for-traders","/category/forex-trading-strategies/forex-swing-trading/","301","plain"
"/10-powerful-paper-trading-strategies-to-test-before-real-money-investment-2","/category/forex-trading-strategies/","301","plain"
"/top-12-powerful-requirements-for-trading-forex-full-time-2","/category/installation-setup/","301","plain"
"/10-powerful-ways-to-use-the-free-trix-triple-exponential-average-triple-crossover-for-better-trading-decisions-2","/category/installation-setup/","301","plain"
"/7-critical-risks-of-what-is-a-martingale-strategy-in-forex-risks-and-how-traders-can-avoid-them-2","/category/strategies-best-practices/","301","plain"
"/7-powerful-ways-to-attract-angel-investors-for-trading-bots-2","/category/ai-powered-trading-tools/","301","plain"
"/10-powerful-tips-what-is-a-forex-broker-and-how-to-choose-one-beginner-friendly-guide-2","/category/ai-powered-trading-tools/","301","plain"
"/how-to-draw-trend-lines-in-forex-powerful-techniques-for-accurate-market-analysis-2","/category/chart-patterns/","301","plain"
"/10-powerful-tips-for-the-best-way-to-configure-free-mt4-robot-successfully","/category/mt4-mt5-expert-advisors/","301","plain"
"/top-10-common-errors-when-installing-forex-ea-on-mt4-essential-guide-for-traders","/category/installation-setup/","301","plain"
"/installing-multiple-eas-on-single-mt4-terminal-a-powerful-step-by-step-guide","/category/installation-setup/","301","plain"
"/how-to-set-maximum-consecutive-loss-limits-ea-ultimate-guide-to-safer-trading","/category/mt4-mt5-expert-advisors/ea-settings-optimization/","301","plain"
"/7-powerful-reasons-the-best-mt4-backtesting-modeling-methods-tick-data-suite-delivers-unmatched-accuracy","/category/mt4-mt5-expert-advisors/ea-settings-optimization/","301","plain"
"/10-powerful-solutions-for-common-errors-when-installing-forex-ea-on-mt4-must-read-guide","/category/mt4-mt5-expert-advisors/","301","plain"
"/7-powerful-ways-to-optimize-supply-and-demand-based-expert-advisor-settings-for-better-accuracy","/category/mt4-mt5-expert-advisors/ea-settings-optimization/","301","plain"
"/9-shocking-mistakes-traders-make-how-to-fix-them-using-a-risk-of-ruin-calculator-for-forex-robots-tutorial","/category/installation-setup/","301","plain"
"/11-best-ways-to-choose-a-safe-forex-ea-for-beginners-avoid-costly-mistakes","/category/installation-setup/","301","plain"
"/12-best-ways-to-understand-how-to-read-forex-quotes-bid-ask-made-simple-beginner-friendly-guide","/category/installation-setup/","301","plain"
"/12-proven-ways-to-avoid-common-forex-trading-mistakes-and-how-to-fix-them-fast","/category/installation-setup/","301","plain"
"/ultimate-guide-17-powerful-steps-on-tradingview-how-to-create-custom-alerts-for-200-ema-crossover","/category/installation-setup/","301","plain"
"/9-best-ways-to-use-a-weekly-review-template-for-swing-traders-boost-results-fast","/category/forex-trading-strategies/forex-swing-trading/","301","plain"
"/how-to-build-discipline-with-if-then-rules-11-powerful-strategies-for-consistent-success","/category/forex-trading-strategies/","301","plain"
"/10-powerful-ways-to-improve-daily-drawdown-protection-for-prop-firms-via-ea-including-pro-tips","/category/installation-setup/","301","plain"
"/how-to-evaluate-a-new-ea-vendor-due-diligence-list-the-complete-guide","/category/installation-setup/","301","plain"
"/the-psychological-aspects-of-successful-trading-15-powerful-insights-for-more-consistent-results","/the-7-best-mt4-ea-for-gold-trading-with-low-risk-proven-tools-for-consistent-results/","301","plain"
"/9-powerful-insights-into-absorption-detection-strategies-using-internal-sweep-indicators","/category/ai-powered-trading-tools/","301","plain"
"/10-powerful-ways-to-learn-how-to-backtest-strategies-on-trendspider-without-coding-beginner-friendly-guide","/category/installation-setup/","301","plain"
"/10-powerful-reasons-koyfin-vs-tradingview-for-fundamental-analysis-tools-matters-for-smart-investors","/category/installation-setup/","301","plain"
"/7-powerful-strategies-to-master-how-to-trade-eur-usd-pairs-effectively","/category/installation-setup/","301","plain"
"/top-10-powerful-gbp-usd-intraday-analysis-tips-for-consistent-trading-success","/category/installation-setup/","301","plain"
"/elliott-wave-secrets-for-forex-beginners-12-powerful-strategies-to-boost-accuracy","/category/forex-trading-strategies/forex-swing-trading/","301","plain"
"/7-powerful-insights-to-master-support-and-resistance-levels-in-eur-usd","/category/installation-setup/","301","plain"
"/voice-search-optimization-for-forex-keywords-7-proven-strategies-for-faster-ranking","/category/installation-setup/","301","plain"
"/10-powerful-ways-to-use-a-free-choke-points-indicator-for-supply-demand-zones-ultimate-trading-guide","/auto-supply-and-demand-indicator-mt4-mt5-free-download-powerful-guide-to-smarter-trading/","301","plain"
"/how-to-build-a-forex-trading-plan-step-by-step-proven-guide-for-beginners","/category/forex-trading-strategies/","301","plain"
"/12-powerful-insights-to-avoid-beginner-mistakes-with-forex-leverage-and-fixes","/category/forex-trading-strategies/","301","plain"
"/top-10-powerful-ways-to-track-forex-trading-performance-metrics-must-know-guide","/category/forex-trading-strategies/","301","plain"
"/top-10-critical-beginner-mistakes-in-forex-order-execution-avoid-these-costly-errors","/category/forex-trading-strategies/","301","plain"
"/10-powerful-steps-to-build-a-forex-trading-plan-step-by-step-beginner-friendly-guide","/category/strategies-best-practices/","301","plain"
"/top-10-reasons-sentiment-ai-for-market-mood-is-transforming-trading","/category/ai-powered-trading-tools/ai-trading-indicators/","301","plain"
"/top-10-powerful-benefits-of-n-ft-tokens-for-trading-rewards","/category/strategies-best-practices/","301","plain"
"/inspiring-women-in-forex-trading-stories-15-powerful-lessons-for-every-trader","/forex-viking-most-profitable-indicator-free-download-7-powerful-secrets-to-consistent-profits/","301","plain"
"/15-essential-insights-daily-drawdown-limits-explained-for-smarter-trading","/category/forex-trading-strategies/","301","plain"
"/how-to-build-trading-record-for-prop-proven-powerful-effective-guide","/category/prop-firm-reviews/","301","plain"
"/17-powerful-steps-to-master-forex-trading-basics-step-by-step-for-beginners","/category/beginners-guides-forex-basics/","301","plain"
"/how-to-calculate-pips-in-forex-for-beginners-7-powerful-steps-to-master-pip-value-today","/category/beginners-guides-forex-basics/","301","plain"
"/10-powerful-facts-about-what-is-bid-ask-price-in-forex-beginners-guide","/category/forex-trading-strategies/","301","plain"
"/is-forex-trading-halal-or-haram-top-facts-expert-insights-clear-answer","/category/forex-trading-strategies/","301","plain"
"/10-powerful-facts-about-how-much-money-you-need-to-start-forex-trading-forex","/category/forex-trading-strategies/","301","plain"
"/top-10-powerful-insights-into-the-inverse-head-and-shoulders-pattern-real-examples","/category/chart-patterns/","301","plain"
"/10-powerful-ways-to-master-double-bottom-pattern-entry-and-exit-for-consistent-trading-success","/category/chart-patterns/","301","plain"
"/7-best-techniques-for-precise-bullish-flag-pattern-target-calculation","/category/chart-patterns/","301","plain"
"/how-geopolitical-events-affect-stock-market-crashes-a-complete-guide","/category/forex-trading-strategies/","301","plain"
"/russia-ukraine-war-impact-on-oil-and-stock-market-powerful-insights-analysis","/category/forex-trading-strategies/","301","plain"
"/12-powerful-ways-elections-shape-the-stock-market-how-election-results-affect-stock-market-historical-data","/category/forex-trading-strategies/","301","plain"
"/10-powerful-ways-to-safely-front-run-central-bank-announcements-how-to-front-run-central-bank","/category/fundamental-analysis/","301","plain"
"/trend-following-system-with-moving-averages-powerful-strategy-guide","/category/forex-trading-strategies/","301","plain"
"/elliott-wave-secrets-for-forex-beginners-12-powerful-strategies-to-boost-accuracy-2","/category/forex-trading-strategies/forex-swing-trading/","301","plain"
"/top-10-critical-beginner-mistakes-in-forex-order-execution-avoid-these-costly-errors-2","/category/forex-trading-strategies/","301","plain"
"/what-is-the-wyckoff-method-for-forex-analysis-powerful-guide-for-traders-2","/category/forex-trading-strategies/","301","plain"
"/ultimate-crowd-trading-platforms-review-top-insights-pros-cons-ratings-2","/category/prop-firm-reviews/","301","plain"
"/head-and-shoulders-pattern-explained-with-examples-powerful-trading-guide-2","/category/forex-trading-strategies/","301","plain"
"/top-10-powerful-insights-into-the-inverse-head-and-shoulders-pattern-real-examples-2","/category/chart-patterns/","301","plain"
"/how-to-trade-federal-reserve-fomc-meeting-live-7-powerful-strategies-for-traders-2","/category/forex-trading-strategies/forex-swing-trading/","301","plain"
"/troubleshooting-mt4-ea-not-working-issues-15-powerful-fixes-you-must-know","/category/installation-setup/","301","plain"
"/how-to-update-mt4-ea-to-latest-version-11-powerful-steps-for-a-smooth-upgrade","/category/mt4-mt5-expert-advisors/","301","plain"
"/how-to-test-mt4-ea-before-live-trading-15-powerful-steps-to-improve-results","/category/strategies-best-practices/","301","plain"
"/10-powerful-steps-for-setting-up-mt4-robot-for-demo-account-beginner-friendly-guide","/category/installation-setup/","301","plain"
"/how-to-optimize-parameters-in-mt4-expert-advisor-complete-step-by-step-guide","/gold-scalping-expert-advisor-mt4-free-download-powerful-proven-guide-7-winning-secrets/","301","plain"
"/how-to-install-mt4-expert-advisor-on-windows-10-the-ultimate-step-by-step-guide","/gold-scalping-expert-advisor-mt4-free-download-powerful-proven-guide-7-winning-secrets/","301","plain"
"/the-best-way-to-configure-free-mt4-robot-complete-beginner-friendly-guide","/category/beginners-guides-forex-basics/","301","plain"
"/10-powerful-tips-for-setting-lot-sizes-in-mt4-expert-advisor-avoid-costly-mistakes","/category/mt4-mt5-expert-advisors/ea-settings-optimization/","301","plain"
"/10-powerful-beginner-tips-for-mt4-ea-risk-settings-boost-safety-control","/10-powerful-grid-trading-ea-safe-settings-for-mt4-to-reduce-risk-and-boost-profitability/","301","plain"
"/10-powerful-risk-management-tips-for-mt4-expert-advisors","/category/risk-money-management/","301","plain"
"/top-12-powerful-advanced-risk-management-techniques-for-mt4-eas","/category/risk-money-management/","301","plain"
"/10-powerful-ways-to-master-how-to-set-equity-stops-in-mt4-expert-advisors-ultimate-safety-guide","/category/mt4-mt5-expert-advisors/ea-development-mql4-mql5/","301","plain"
"/7-smart-reasons-why-equity-curve-control-stop-trading-after-drawdown-is-essential","/category/installation-setup/","301","plain"
"/10-powerful-strategies-to-create-money-management-rules-for-mt4-ea-full-guide","/category/forex-trading-strategies/","301","plain"
"/how-to-backtest-mt4-robot-on-historical-data-the-ultimate-step-by-step-guide","/mft-trading-robot-mt4-free-download-7-powerful-facts-you-must-know-before-installing/","301","plain"
"/top-10-powerful-ways-to-improve-mt4-expert-advisor-backtesting-99-percent-modeling-quality","/category/installation-setup/","301","plain"
"/how-to-create-custom-symbols-for-backtest-in-mt4-powerful-guide","/category/installation-setup/","301","plain"
"/10-step-powerful-guide-to-mt4-robot-optimization-for-volatility-must-read-for-traders","/mft-trading-robot-mt4-free-download-7-powerful-facts-you-must-know-before-installing/","301","plain"
"/9-powerful-mt4-ea-optimization-settings-for-eurusd-m5-to-boost-performance-fast","/category/installation-setup/","301","plain"
"/how-to-avoid-overoptimization-in-mt4-eas-proven-strategies-for-reliable-trading","/category/installation-setup/","301","plain"
"/how-to-detect-curve-fitting-in-mt4-backtests-pro-guide-10-warning-signs","/category/installation-setup/","301","plain"
"/10-powerful-tips-for-backtesting-mt4-eas-on-tick-data-full-guide","/category/mt4-mt5-expert-advisors/ea-settings-optimization/","301","plain"
"/troubleshooting-mt4-ea-not-working-issues-ultimate-guide-to-fix-expert-advisor-problems","/category/installation-setup/","301","plain"
"/how-to-troubleshoot-mt4-ea-not-trading-today-ultimate-guide","/category/installation-setup/","301","plain"
"/understanding-and-applying-mt4-invalid-stops-error-fix-step-by-step","/category/installation-setup/","301","plain"
"/mt4-experts-tab-shows-initialization-failed-fix-the-ultimate-step-by-step-guide","/category/installation-setup/","301","plain"
"/7-powerful-ways-to-fix-mt4-authorization-failed-check-settings-fast","/category/installation-setup/","301","plain"
"/10-powerful-tips-for-the-safe-way-to-remove-mt4-expert-advisor-without-errors","/category/mt4-mt5-expert-advisors/","301","plain"
"/how-to-pause-an-ea-during-manual-trading-safely-proven-steps-best-practices","/category/mt4-mt5-expert-advisors/ea-settings-optimization/","301","plain"
"/how-to-migrate-mt4-ea-to-new-computer-the-ultimate-step-by-step-guide","/category/installation-setup/","301","plain"
"/how-to-migrate-ea-to-different-vps-without-errors-powerful-step-by-step-guide","/category/mt4-mt5-expert-advisors/","301","plain"
"/mt4-magic-number-explained-for-multiple-eas-ultimate-guide","/category/installation-setup/","301","plain"
"/understanding-magic-number-mapping-and-trade-comments-naming-best-practices-professional-methods","/category/mt4-mt5-expert-advisors/ea-development-mql4-mql5/","301","plain"
"/vps-setup-for-mt4-ea-step-by-step-for-beginners-the-ultimate-guide","/category/installation-setup/","301","plain"
"/10-powerful-ways-to-improve-vps-latency-test-for-mt4-ea-performance","/category/installation-setup/","301","plain"
"/auto-recovery-of-mt4-after-vps-crash-guide-7-powerful-steps-for-traders","/category/installation-setup/","301","plain"
"/how-to-clone-mt4-setup-from-one-vps-to-another","/category/mt4-mt5-expert-advisors/","301","plain"
"/10-powerful-ways-to-improve-cloud-backup-of-mt4-profiles-templates-eas-for-traders","/category/mt4-mt5-expert-advisors/","301","plain"
"/maintenance-guide-for-vps-hosted-mt4-bots-15-powerful-ways-to-improve-reliability-and-performance","/category/installation-setup/","301","plain"
"/ultimate-guide-to-mean-reversion-ea-settings-for-mt4-powerful-tips-best-practices","/category/mt4-mt5-expert-advisors/ea-settings-optimization/","301","plain"
"/10-powerful-ways-to-use-trend-following-mt4-bot-best-strategies-for-big-trading-gains","/category/mt4-mt5-expert-advisors/ea-settings-optimization/","301","plain"
"/15-powerful-solutions-to-common-mt4-ea-compatibility-issues-with-brokers","/category/mt4-mt5-expert-advisors/","301","plain"
"/top-10-powerful-insights-for-broker-regulation-and-ea-compatibility-checklist","/category/installation-setup/","301","plain"
"/10-powerful-reasons-to-know-whether-is-hedging-allowed-by-your-broker-for-ea","/category/installation-setup/","301","plain"
"/7-powerful-insights-into-the-swap-and-rollover-impact-on-grid-eas","/category/mt4-mt5-expert-advisors/ea-settings-optimization/","301","plain"
"/understanding-the-commission-structure-impact-on-scalper-ea","/category/mt4-mt5-expert-advisors/ea-settings-optimization/","301","plain"
"/how-to-connect-mt4-ea-to-exness-broker-ultimate-step-by-step-guide","/category/installation-setup/","301","plain"
"/10-powerful-reasons-to-read-this-guide-to-ic-markets-compatibility-with-mt4-robots","/mft-trading-robot-mt4-free-download-7-powerful-facts-you-must-know-before-installing/","301","plain"
"/9-powerful-reasons-the-best-low-spread-brokers-for-scalping-mt4-bots-improve-your-results","/category/ai-powered-trading-tools/","301","plain"
"/how-to-link-mt4-ea-to-hotforex-account-the-ultimate-step-by-step-guide","/category/mt4-mt5-expert-advisors/","301","plain"
"/how-to-monitor-performance-of-mt4-robots-11-powerful-ways-to-track-improve-results","/category/mt4-mt5-expert-advisors/ea-settings-optimization/","301","plain"
"/12-step-powerful-guide-to-mt4-robot-equity-curve-analysis-for-smarter-forex-trading","/category/mt4-mt5-expert-advisors/ea-settings-optimization/","301","plain"
"/9-powerful-ways-to-master-how-to-calculate-sharpe-ratio-for-forex-eas-guaranteed-performance-boost","/category/installation-setup/","301","plain"
"/how-to-calculate-sortino-ratio-for-forex-eas-7-powerful-steps-to-improve-trading-performance","/category/installation-setup/","301","plain"
"/understanding-the-expected-payoff-and-expectancy-for-robots-a-powerful-guide","/category/ai-powered-trading-tools/","301","plain"
"/tips-for-identifying-underperforming-mt4-eas-early-13-proven-ways-to-spot-weak-expert-advisors-fast","/category/installation-setup/","301","plain"
"/10-powerful-tips-for-monthly-mt4-expert-advisor-audits-to-boost-trading-performance","/category/installation-setup/","301","plain"
"/10-powerful-ways-to-analyze-consecutive-losses-in-mt4-trading-systems-for-better-results","/category/mt4-mt5-expert-advisors/ea-settings-optimization/","301","plain"
"/top-10-powerful-tips-for-a-beginner-guide-to-mql4-programming-for-eas","/category/installation-setup/","301","plain"
"/10-proven-tips-for-using-print-for-debugging-mql4-experts-powerful-developer-guide","/category/installation-setup/","301","plain"
"/introduction-to-automated-trade-management-in-mql4","/category/installation-setup/","301","plain"
"/top-10-powerful-order-send-errors-130-131-133-solutions-for-fast-trading-fixes","/category/mt4-mt5-expert-advisors/ea-development-mql4-mql5/","301","plain"
"/what-is-forex-trading-for-absolute-beginners","/category/forex-trading-strategies/","301","plain"
"/forex-terminology-glossary-for-beginners-essential-powerful-guide","/category/installation-setup/","301","plain"
"/major-vs-minor-currency-pairs-list-with-examples-complete-powerful-guide","/category/installation-setup/","301","plain"
"/what-is-a-lot-in-forex-micro-mini-standard-explained-the-ultimate-guide","/category/forex-trading-strategies/","301","plain"
"/10-powerful-insights-to-understand-risk-reward-ratio-explained-with-examples","/category/forex-trading-strategies/","301","plain"
"/15-powerful-ways-to-avoid-blowing-a-forex-account-practical-tips-for-safe-trading","/category/installation-setup/","301","plain"
"/the-ultimate-guide-to-breakout-box-indicator-mt4-london-session-proven-strategies-powerful-insights","/breakout-and-retest-scanner-indicator-free-download-7-powerful-secrets-to-smarter-trading/","301","plain"
"/how-to-use-tradingview-for-forex-beginners-15-powerful-steps-to-get-started","/category/ai-powered-trading-tools/","301","plain"
"/how-to-set-alerts-in-tradingview-step-by-step-complete-beginners-guide","/category/installation-setup/","301","plain"
"/10-powerful-ways-to-use-pine-script-add-multiple-conditions-without-repainting-example-full-guide","/category/installation-setup/","301","plain"
"/7-powerful-insights-to-understand-the-pine-script-strategy-performance-report-explained-simply","/category/installation-setup/","301","plain"
"/10-powerful-ways-to-master-how-to-backtest-forex-strategy-on-tradingview-free-account","/category/installation-setup/","301","plain"
"/ultimate-guide-to-using-myfxbook-for-ea-verification","/category/mt4-mt5-expert-advisors/ea-reviews-comparisons/","301","plain"
"/top-10-powerful-tips-for-fxblue-analytics-setup-for-expert-advisor-tracking-the-ultimate-guide","/category/installation-setup/","301","plain"
"/how-to-create-trading-rules-checklist-for-consistency-the-ultimate-guide","/category/installation-setup/","301","plain"
"/common-trading-scams-to-avoid-and-warning-signs","/category/ai-powered-trading-tools/brokers-trading-platforms/","301","plain"
"/how-to-set-smart-goals-for-traders-examples-10-powerful-strategies-for-success","/category/forex-trading-strategies/","301","plain"
"/12-powerful-steps-for-a-successful-weekly-routine-for-forex-traders-step-by-step","/forex-viking-most-profitable-indicator-free-download-7-powerful-secrets-to-consistent-profits/","301","plain"
"/the-ultimate-guide-to-a-post-trade-review-template-for-forex-journal","/the-best-forex-trading-journal-template-excel-download-complete-guide-free-resources/","301","plain"
"/11-powerful-ways-how-to-recover-from-a-losing-streak-without-tilt","/category/forex-trading-strategies/","301","plain"
"/prop-firm-rules-for-using-expert-advisors-explained-12-powerful-insights-every-trader-must-know","/category/installation-setup/","301","plain"
"/10-powerful-ways-to-pass-a-prop-firm-challenge-with-a-conservative-ea-proven-strategy-guide","/prop-firm-ea-free-download-7-powerful-truths-every-trader-must-know/","301","plain"
"/10-powerful-reasons-you-need-a-checklist-before-buying-any-forex-robot","/category/installation-setup/","301","plain"
"/10-profitable-mt4-indicators-for-scalping-eur-usd-powerful-traders-guide","/eur-usd-expert-advisor-ea-overview-free-download-guide/","301","plain"
"/ultimate-guide-to-bollinger-bands-squeeze-trading-setup","/category/forex-trading-strategies/forex-swing-trading/","301","plain"
"/powerful-macd-histogram-signals-for-day-trading","/category/installation-setup/","301","plain"
"/top-10-powerful-tips-to-master-the-stochastic-oscillator-overbought-oversold-strategy","/category/forex-trading-strategies/","301","plain"
"/11-powerful-reasons-the-adx-strength-meter-for-trend-trading-can-transform-your-results","/📈-pro-trend-line-indicator-free-download-7-powerful-benefits-every-trader-must-know/","301","plain"
"/top-10-powerful-tips-for-the-cci-indicator-breakout-strategy-ultimate-trading-guide","/breakout-and-retest-scanner-indicator-free-download-7-powerful-secrets-to-smarter-trading/","301","plain"
"/7-powerful-ways-williams-percent-r-reversal-signals-improve-trading-accuracy","/category/forex-trading-strategies/","301","plain"
"/7-powerful-reasons-free-mt4-expert-advisors-for-automated-trading-can-transform-your-results","/category/installation-setup/","301","plain"
"/10-powerful-best-risk-management-techniques-in-forex-for-safer-trading","/category/forex-trading-strategies/","301","plain"
"/how-to-backtest-trading-strategies-on-mt4-powerful-step-by-step-guide","/category/mt4-mt5-expert-advisors/ea-settings-optimization/","301","plain"
"/27-powerful-insights-about-the-candlestick-patterns-recognition-indicator-complete-guide","/category/installation-setup/","301","plain"
"/7-powerful-secrets-to-master-support-and-resistance-levels-drawing-tool-mt4-best-trading-guide","/category/forex-trading-strategies/","301","plain"
"/the-ultimate-guide-to-pivot-points-calculation-for-daily-trading","/category/installation-setup/","301","plain"
"/building-a-forex-trading-plan-step-by-step-11-powerful-strategies-for-success","/category/forex-trading-strategies/","301","plain"
"/10-powerful-insights-revealing-common-mistakes-to-avoid-in-forex-scalping","/category/installation-setup/","301","plain"
"/12-powerful-transitioning-from-demo-to-live-trading-tips-for-guaranteed-success","/category/installation-setup/","301","plain"
"/7-powerful-reasons-you-must-master-understanding-pips-and-lot-sizes-in-mt4","/category/installation-setup/","301","plain"
"/15-must-know-fundamental-analysis-basics-for-forex-powerful-beginner-guide","/category/installation-setup/","301","plain"
"/ultimate-guide-to-optimizing-ea-performance-on-mt4-for-exceptional-trading-results","/top-10-free-tools-for-mt4-ea-performance-monitoring-powerful-ways-to-track-improve-results/","301","plain"
"/best-volume-pressure-analysis-tools-for-spotting-reversal-patterns-in-stocks","/category/installation-setup/","301","plain"
"/how-to-read-hidden-divergence-signals-on-tradingview-charts","/category/installation-setup/","301","plain"
"/poc-migration-maps-for-trend-confirmation-in-equity-markets","/category/installation-setup/","301","plain"
"/rsi-with-volume-delta-analysis-techniques-for-real-time-trading","/category/installation-setup/","301","plain"
"/detecting-stop-hunts-using-volume-anomaly-indicators-in-futures-7-proven-strategies","/category/installation-setup/","301","plain"
"/project-historical-patterns-using-correlation-based-tools-in-options","/category/installation-setup/","301","plain"
"/identifying-exhaustion-patterns-with-rsi-and-volume-confluence","/category/forex-trading-strategies/forex-swing-trading/","301","plain"
"/multi-timeframe-volume-zones-setup-guide-for-tradingview-users","/category/installation-setup/","301","plain"
"/grinder-trend-detection-using-rsi-and-relative-volume-filters","/category/installation-setup/","301","plain"
"/linear-trajectory-volume-structure-strategies-for-swing-trading","/category/installation-setup/","301","plain"
"/buy-low-sell-high-strategy-with-buffett-valuation-meter-for-long-term-investors","/category/ai-powered-trading-tools/","301","plain"
"/advanced-icc-multi-timeframe-entries-for-scalping-forex-pairs","/category/installation-setup/","301","plain"
"/helix-protocol-trend-logic-with-kama-for-adaptive-trading-the-ultimate-guide-to-smarter-market-decisions","/category/ai-powered-trading-tools/ai-trading-indicators/","301","plain"
"/9-powerful-reasons-traders-trust-the-smc-indicator-for-non-repainting-market-structure-breaks","/best-non-repainting-arrow-indicator-for-forex/","301","plain"
"/titan-ai-smart-mfi-oscillator-for-institutional-flow-detection-the-ultimate-guide","/category/ai-powered-trading-tools/ai-trading-indicators/","301","plain"
"/7-powerful-insights-into-option-vs-index-change-ratio-analysis-for-volatility-trading","/category/forex-trading-strategies/","301","plain"
"/understanding-trend-adaptive-thresholds-in-volatility-meters-for-crypto","/category/installation-setup/","301","plain"
"/top-10-powerful-benefits-of-non-repainting-pivots-with-break-of-structure-signals-every-trader-should-know","/category/installation-setup/","301","plain"
"/change-of-character-detection-in-smart-money-concepts-the-ultimate-guide","/category/forex-trading-strategies/forex-swing-trading/","301","plain"
"/10-powerful-steps-in-a-step-by-step-guide-to-using-thinkorswim-paper-money-for-stock-practice","/category/installation-setup/","301","plain"
"/10-powerful-strategies-for-mastering-advanced-techniques-for-analyzing-order-flow-in-trading-sims","/category/installation-setup/","301","plain"
"/how-to-start-day-trading-with-low-capital-under-1000-5-proven-strategies-for-beginners","/category/installation-setup/","301","plain"
"/risk-management-tips-for-day-traders-using-stop-loss-orders","/category/installation-setup/","301","plain"
"/day-trading-profitability-secrets-and-common-mistakes-to-avoid-10-powerful-insights-for-success","/category/installation-setup/","301","plain"
"/how-to-use-stop-loss-orders-effectively-in-simulated-trading-11-powerful-strategies-for-smarter-risk-management","/📊-stop-loss-take-profit-mt4-forex-indicator-free-download-powerful-smart-risk-control-guide/","301","plain"
"/9-powerful-tips-to-master-forex-trading-basics-for-complete-beginners-with-no-experience","/category/installation-setup/","301","plain"
"/10-best-day-trading-simulators-for-futures-and-crypto","/category/installation-setup/","301","plain"
"/ultimate-mt4-platform-tutorial-for-global-financial-markets-beginners","/category/installation-setup/","301","plain"
"/17-powerful-ways-the-volatility-index-vix-explained-for-day-trading-strategies-can-boost-your-trading","/category/installation-setup/","301","plain"
"/12-best-forex-indicators-for-beginners-in-2025-powerful-tools-for-easy-profit","/forex-factory-best-custom-indicators-a-guide-to-enhancing-your-trading-strategy/","301","plain"
"/the-ultimate-guide-to-live-eur-usd-trading-signals-for-today","/category/installation-setup/","301","plain"
"/mt4-vs-mt5-pros-and-cons-for-scalpers-top-benefits-drawbacks-key-differences","/category/installation-setup/","301","plain"
"/top-7-expert-strategies-for-calculating-pip-value-in-gbp-jpy-trades","/category/forex-trading-strategies/","301","plain"
"/12-powerful-strategies-for-trading-eur-usd-during-ecb-announcements-expert-guide","/category/installation-setup/","301","plain"
"/top-7-best-forex-brokers-for-beginners-in-uae-2025-safe-powerful-trading-choices","/category/installation-setup/","301","plain"
"/7-powerful-forex-trading-strategies-for-small-accounts-that-actually-work","/category/installation-setup/","301","plain"
"/7-best-tips-for-a-powerful-live-forex-trading-room-for-beginners","/category/forex-trading-strategies/","301","plain"
"/10-proven-steps-to-master-how-to-start-forex-trading-in-canada-powerful-beginner-guide","/category/ai-powered-trading-tools/brokers-trading-platforms/","301","plain"
"/top-10-best-forex-strategies-for-day-traders-powerful-proven-and-effective-methods","/category/installation-setup/","301","plain"
"/10-powerful-insights-ultimate-guide-to-small-business-forex-marketing-boost-results-fast","/category/installation-setup/","301","plain"
"/10-powerful-insights-about-what-is-compound-interest-in-trading-for-massive-growth","/category/forex-trading-strategies/","301","plain"
"/effective-time-management-ideas-for-forex-traders-15-powerful-strategies","/category/forex-trading-strategies/","301","plain"
"/the-11-best-powerful-methods-for-backtesting-strategies-on-metatrader-5-mt5","/category/mt4-mt5-expert-advisors/ea-settings-optimization/","301","plain"
"/free-forex-signals-for-gbp-pairs-7-powerful-tips-for-massive-trading-results","/xauusd-scalping-robot-settings-and-tips-10-powerful-strategies-for-better-trading-results/","301","plain"
"/10-powerful-ways-to-avoid-overtrading-in-forex-successfully-how-to-avoid-overtrading-in-forex","/category/forex-trading-strategies/","301","plain"
"/geo-targeted-forex-strategies-for-asia-12-powerful-insights-to-boost-regional-trading-success","/category/installation-setup/","301","plain"
"/7-powerful-tips-for-low-risk-scalping-on-1-minute-charts","/category/installation-setup/","301","plain"
"/ultimate-guide-to-trader-sentiment-analysis-for-eur-usd-9-powerful-insights-for-better-forex-decisions","/the-10-best-sentiment-analysis-tools-for-forex-traders-a-comprehensive-guide/","301","plain"
"/top-10-powerful-tips-for-ichimoku-cloud-ea-strategy-for-eur-usd-pair","/category/installation-setup/","301","plain"
"/top-10-reasons-you-need-this-free-stochastics-oscillator-crossover-ea-mt4-guide-powerful-trading-insights","/category/installation-setup/","301","plain"
"/7-powerful-steps-to-backtest-envelope-indicator-ea-on-historical-data","/category/installation-setup/","301","plain"
"/long-form-article-donchian-channel-breakout-ea-for-commodity-trading-powerful-guide-to-automated-market-success","/gold-breakout-ea-free-download-7-powerful-benefits-proven-setup-guide-for-massive-trading-success/","301","plain"
"/10-benefits-of-the-cyber-cycle-indicator-smoothing-ema-crossover-strategy-powerful-proven-and-practical","/category/installation-setup/","301","plain"
"/how-to-install-massi-displacement-index-on-mt5-powerful-step-by-step-guide","/category/mt4-mt5-expert-advisors/","301","plain"
"/10-powerful-reasons-the-fisher-transform-indicator-inverse-mode-forex-guide-can-transform-your","/super-arrow-mt4-forex-indicator-free-download-powerful-7-step-guide-to-smarter-trading/","301","plain"
"/7-powerful-reasons-to-get-a-free-deconvolution-trend-probability-indicator-download-today","/📈-gold-trend-mt4-indicator-free-download-7-powerful-benefits-every-trader-must-know/","301","plain"
"/10-powerful-ways-to-use-free-chande-momentum-oscillator-cmo-overbought-signals-for-smarter-trading","/category/forex-trading-strategies/","301","plain"
"/top-10-powerful-tips-to-master-free-percentage-price-oscillator-ppo-histogram-divergence-today","/category/installation-setup/","301","plain"
"/ultimate-oscillator-weighted-average-ea-mt4-guide-proven-strategies-expert-tips-complete-setup-tutorial","/gold-scalping-expert-advisor-mt4-free-download-powerful-proven-guide-7-winning-secrets/","301","plain"
"/10-powerful-reasons-the-free-detwitt-pivot-point-indicator-daily-weekly-levels-can-transform-your","/category/ai-powered-trading-tools/ai-trading-indicators/","301","plain"
"/how-to-start-forex-trading-with-100-for-beginners-7-proven-steps-expert-tips","/category/installation-setup/","301","plain"
"/what-is-a-pip-in-forex-trading-explained-simply-7-powerful-insights-every-beginner-must-know","/category/forex-trading-strategies/","301","plain"
"/9-powerful-ways-to-master-how-to-calculate-position-size-in-forex-trading-beginner-friendly-guide","/category/installation-setup/","301","plain"
"/how-to-set-stop-loss-and-take-profit-in-forex-7-powerful-tips-to-boost-your-trading-success","/📊-stop-loss-take-profit-mt4-forex-indicator-free-download-powerful-smart-risk-control-guide/","301","plain"
"/understanding-bid-and-ask-prices-in-forex-trading-10-powerful-insights-for-better-market-decisions","/category/installation-setup/","301","plain"
"/simple-moving-average-strategy-for-forex-beginners-powerful-guide","/category/installation-setup/","301","plain"
"/7-powerful-insights-to-understand-what-is-swap-fee-in-forex-and-how-it-affects-trades","/category/installation-setup/","301","plain"
"/12-powerful-reasons-what-causes-forex-market-volatility-for-starters-explained-simply","/category/forex-trading-strategies/","301","plain"
"/10-powerful-tips-for-a-safer-beginner-guide-to-forex-broker-selection-criteria","/category/installation-setup/","301","plain"
"/what-is-a-forex-trading-signal-and-how-to-use-one-a-powerful-guide-for-traders","/category/installation-setup/","301","plain"
"/10-powerful-steps-on-how-to-set-up-mt4-platform-for-first-forex-trades-beginners-guide","/top-7-best-free-forex-scalper-ea-for-mt4-download/","301","plain"
"/simple-trend-following-strategy-for-forex-starters-10-powerful-steps-for-success","/category/installation-setup/","301","plain"
"/9-powerful-steps-on-how-to-calculate-risk-reward-ratio-in-forex-trades-complete-guide","/category/installation-setup/","301","plain"
"/what-is-correlation-in-forex-pairs-for-beginners-powerful-guide","/smart-correlation-hedge-ea-free-download-powerful-7-step-guide-to-smarter-forex-hedging/","301","plain"
"/how-to-use-macd-indicator-for-forex-entry-signals-powerful-guide","/category/forex-trading-strategies/","301","plain"
"/how-to-trade-usd-jpy-pair-during-news-events-proven-powerful-guide","/category/installation-setup/","301","plain"
"/10-powerful-beginner-psychology-tips-for-consistent-forex-wins-must-read-guide","/category/installation-setup/","301","plain"
"/what-is-slippage-in-forex-and-how-to-minimize-it-powerful-strategies-explained","/category/forex-trading-strategies/","301","plain"
"/beginner-guide-to-elliott-wave-theory-basics-powerful-insights-for-new-traders","/category/installation-setup/","301","plain"
"/10-powerful-reasons-what-is-ichimoku-cloud-indicator-for-forex-starters-matters-beginners-guide","/forex-millionaire-indicator-free-download-7-powerful-truths-you-must-know-before-installing/","301","plain"
"/12-powerful-ways-to-master-how-to-analyze-forex-news-impact-on-pairs","/category/forex-trading-strategies/","301","plain"
"/7-powerful-ways-a-beginner-guide-to-social-trading-in-forex-platforms-can-boost-your-success","/category/strategies-best-practices/","301","plain"
"/12-powerful-ways-to-set-daily-trading-goals-for-forex-success-beginner-friendly-guide","/category/strategies-best-practices/","301","plain"
"/what-is-nfp-report-and-forex-trading-strategy-around-it-powerful-guide-for-traders","/category/forex-trading-strategies/forex-swing-trading/","301","plain"
"/7-powerful-insights-to-understanding-pips-and-lots-in-forex-basics-full-beginner-guide","/category/forex-trading-strategies/","301","plain"
"/10-powerful-risk-management-techniques-in-forex-for-small-accounts","/category/strategies-best-practices/","301","plain"
"/13-powerful-ways-to-avoid-common-forex-trading-mistakes-for-better-results","/category/forex-trading-strategies/","301","plain"
"/10-powerful-insights-to-master-forex-trading-psychology-for-consistent-profits","/forex-viking-most-profitable-indicator-free-download-7-powerful-secrets-to-consistent-profits/","301","plain"
"/how-to-set-stop-loss-and-take-profit-in-forex-powerful-strategies-for-smart-risk-management","/📊-stop-loss-take-profit-mt4-forex-indicator-free-download-powerful-smart-risk-control-guide/","301","plain"
"/top-6-best-forex-pairs-for-beginners-to-trade-powerful-guide-for-safe-smart-trading","/category/forex-trading-strategies/forex-swing-trading/","301","plain"
"/position-trading-vs-day-trading-in-forex-7-brilliant-ways-to-choose-the-right-style","/category/strategies-best-practices/","301","plain"
"/how-to-use-fibonacci-retracement-in-forex-9-powerful-strategies-for-better-trades","/category/strategies-best-practices/","301","plain"
"/bollinger-bands-squeeze-for-forex-breakouts-11-powerful-strategies-for-traders","/category/forex-trading-strategies/forex-swing-trading/","301","plain"
"/common-forex-scams-and-how-to-spot-them","/category/fundamental-analysis/","301","plain"
"/top-10-low-spread-forex-brokers-for-scalping-powerful-guide-to-save-money-fast","/category/forex-broker-reviews/","301","plain"
"/ultimate-forex-broker-comparison-for-mobile-trading-top-rated-guide","/category/forex-broker-reviews/","301","plain"
"/how-to-fund-a-forex-account-safely-10-powerful-steps-every-trader-must-follow","/category/forex-broker-reviews/","301","plain"
"/withdrawal-fees-in-forex-brokers-explained-essential-guide-expert-insights","/category/forex-broker-reviews/","301","plain"
"/best-ios-forex-trading-platforms-with-alerts-10-powerful-options-for-smarter-trading","/category/forex-broker-reviews/","301","plain"
"/how-to-use-economic-indicators-for-forex-10-powerful-strategies-to-boost-your-trading","/category/fundamental-analysis/","301","plain"
"/fed-rate-decision-impact-on-usd-pairs","/category/fundamental-analysis/","301","plain"
"/boj-policy-effects-on-yen-forex-pairs","/category/fundamental-analysis/","301","plain"
"/how-to-use-support-and-resistance-levels","/category/technical-analysis/","301","plain"
"/trendline-drawing-techniques-for-forex","/category/technical-analysis/","301","plain"
"/flags-and-pennants-continuation-patterns-7-proven-strategies-to-master-chart-patterns","/category/chart-patterns/","301","plain"
"/false-breakout-avoidance-in-forex-trading","/category/forex-trading-strategies/","301","plain"
"/martingale-strategy-risks-in-forex-7-critical-dangers-every-trader-must-know","/category/risk-money-management/","301","plain"
"/scaling-out-of-trades-profitably","/category/strategies-best-practices/","301","plain"
"/breakeven-stop-loss-adjustment-tips","/category/strategies-best-practices/","301","plain"
"/holiday-trading-impact-on-forex-markets-understanding-market-dynamics-during-holidays","/category/forex-trading-strategies/","301","plain"
"/7-powerful-insights-into-the-correlation-between-assets-in-trading-for-smarter-investing","/category/forex-trading-strategies/","301","plain"
"/oil-prices-impact-on-commodity-currencies-powerful-insights-for-global-markets","/category/forex-trading-strategies/","301","plain"
"/multi-time-frame-analysis-technique-powerful-strategies-for-better-trading-decisions","/category/forex-trading-strategies/","301","plain"
"/top-down-analysis-for-forex-entries-9-powerful-proven-strategies-to-improve-your-trades","/category/forex-trading-strategies/","301","plain"
"/profit-targets-based-on-atr-7-powerful-ways-to-maximize-your-trading-results","/category/strategies-best-practices/","301","plain"
"/7-powerful-warning-signals-broker-manipulation-signs-to-watch","/category/strategies-best-practices/","301","plain"
"/demo-vs-live-trading-differences-10-powerful-insights-you-must-know","/category/strategies-best-practices/","301","plain"
"/how-to-transition-from-demo-to-live-proven-steps-for-a-smooth-successful-shift","/category/strategies-best-practices/","301","plain"
"/compounding-profits-in-forex-explained-7-powerful-insights-for-faster-growth","/category/forex-trading-strategies/","301","plain"
"/7-powerful-ways-monte-carlo-simulation-for-strategy-testing-can-dramatically-improve-your-decisions","/category/beginners-guides-forex-basics/","301","plain"
"/neural-networks-in-forex-forecasting-10-powerful-insights-for-smarter-trading-decisions","/category/strategies-best-practices/","301","plain"
"/blockchain-in-forex-transparency-10-powerful-ways-its-transforming-global-trading","/category/ai-powered-trading-tools/","301","plain"
"/17-powerful-insights-into-the-metaverse-trading-platforms-future-must-read-guide","/category/strategies-best-practices/","301","plain"
"/10-powerful-strategies-to-improve-work-life-balance-for-day-traders-ultimate-guide","/category/trading-psychology/","301","plain"
"/islamic-forex-accounts-halal-guide","/category/forex-broker-reviews/","301","plain"
"/swap-free-trading-explained-13-powerful-insights-for-beginners","/category/forex-broker-reviews/","301","plain"
"/top-15-sharia-compliant-strategies-forex-traders-must-use-for-powerful-ethical-results","/category/forex-broker-reviews/","301","plain"
"/prop-firm-challenges-how-to-pass-proven-strategies-for-fast-funding","/prop-firm-ea-free-download-7-powerful-truths-every-trader-must-know/","301","plain"
"/top-10-powerful-insights-into-payout-policies-in-prop-trading","/category/prop-firm-reviews/","301","plain"
"/10-powerful-insights-into-risk-rules-in-funded-challenges-essential-guide","/category/forex-trading-strategies/","301","plain"
"/top-10-powerful-insights-to-improve-your-consistency-score-in-prop-firms","/category/prop-firm-reviews/","301","plain"
"/how-to-trade-news-in-prop-accounts-10-powerful-strategies-for-funding-success","/category/prop-firm-reviews/","301","plain"
"/top-10-powerful-ways-to-master-e-a-use-in-prop-firm-challenges","/category/mt4-mt5-expert-advisors/ea-settings-optimization/","301","plain"
"/10-powerful-reasons-why-copy-trading-in-funded-accounts-can-transform-your-trading-success","/category/ai-powered-trading-tools/","301","plain"
"/top-10-powerful-alternative-funding-sources-forex-traders-can-use-today","/category/prop-firm-reviews/","301","plain"
"/peer-to-peer-lending-for-traders-10-powerful-benefits-you-must-know","/category/prop-firm-reviews/","301","plain"
"/the-ultimate-guide-to-venture-capital-in-trading-startups-proven-strategies-for-funding-success","/category/prop-firm-reviews/","301","plain"
"/how-does-the-forex-market-work-explained-simply-the-ultimate-beginners-guide","/category/ai-powered-trading-tools/brokers-trading-platforms/","301","plain"
"/7-powerful-insights-into-the-difference-between-mini-micro-and-standard-lots-forex","/category/beginners-guides-forex-basics/","301","plain"
"/what-is-leverage-in-forex-with-examples-powerful-guide-for-beginners","/category/forex-trading-strategies/","301","plain"
"/7-powerful-reasons-why-the-best-leverage-for-beginners-in-forex-leads-to-safer-profits","/category/forex-trading-strategies/","301","plain"
"/what-are-major-currency-pairs-in-forex-7-powerful-insights-for-traders","/category/beginners-guides-forex-basics/","301","plain"
"/7-powerful-insights-into-the-difference-between-market-execution-and-instant-execution-must-read-guide","/category/ai-powered-trading-tools/brokers-trading-platforms/","301","plain"
"/what-is-take-profit-and-stop-loss-9-powerful-insights-every-trader-must-know","/📊-stop-loss-take-profit-mt4-forex-indicator-free-download-powerful-smart-risk-control-guide/","301","plain"
"/how-long-should-beginners-use-demo-account-the-ultimate-guide-for-new-traders","/category/beginners-guides-forex-basics/","301","plain"
"/10-powerful-insights-to-understand-what-is-ecn-broker-vs-market-maker-full-beginners-guide","/category/forex-broker-reviews/","301","plain"
"/7-powerful-factors-that-explain-what-moves-currency-prices-in-forex","/category/beginners-guides-forex-basics/","301","plain"
"/7-powerful-ways-the-role-of-central-banks-in-forex-market-shapes-global-currency-stability","/category/beginners-guides-forex-basics/","301","plain"
"/what-is-carry-trade-in-forex-powerful-guide","/category/beginners-guides-forex-basics/","301","plain"
"/fundamental-analysis-vs-technical-analysis-for-beginners-the-ultimate","/category/beginners-guides-forex-basics/","301","plain"
"/how-much-do-beginner-forex-traders-make-shocking-truth-expert-insights-realistic-numbers","/category/forex-trading-strategies/","301","plain"
"/can-you-make-a-living-trading-forex-as-a-beginner-7-reasons-you-can-and-5-you-cant","/category/forex-trading-strategies/","301","plain"
"/powerful-top-10-risk-management-rules-for-forex-beginners","/category/risk-money-management/","301","plain"
"/double-top-pattern-reversal-strategy-powerful-trading-guide-for-consistent-results","/category/chart-patterns/","301","plain"
"/top-9-facts-about-ascending-triangle-pattern-success-rate-powerful-trading-guide","/category/chart-patterns/","301","plain"
"/10-proven-descending-triangle-pattern-trading-rules-for-reliable-breakout-strategies","/category/forex-trading-strategies/forex-swing-trading/","301","plain"
"/symmetrical-triangle-breakout-strategy-powerful-trading-guide-for-consistent-results","/category/forex-trading-strategies/forex-swing-trading/","301","plain"
"/hammer-candlestick-in-downtrend-rules","/category/chart-patterns/","301","plain"
"/understanding-the-dragonfly-doji-at-support-level","/category/chart-patterns/","301","plain"
"/major-support-and-resistance-levels-identification","/category/forex-trading-strategies/","301","plain"
"/fibonacci-extension-161-8-profit-target-ultimate-guide-for-traders","/category/forex-trading-strategies/forex-swing-trading/","301","plain"
"/how-to-draw-trendlines-correctly-step-by-step","/category/technical-analysis/","301","plain"
"/trendline-breakout-vs-false-breakout-how-to-identify-and-trade-them-effectively","/category/forex-trading-strategies/","301","plain"
"/golden-cross-vs-death-cross-reliability-understanding-market-signals","/category/forex-trading-strategies/","301","plain"
"/support-become-resistance-trading-strategy-ultimate-guide-for-traders","/category/forex-trading-strategies/","301","plain"
"/federal-reserve-interest-rate-decision-explained","/category/fundamental-analysis/","301","plain"
"/nfp-report-explained-for-beginner-forex-traders-ultimate-guide-to-boost-your-trading-success","/category/forex-trading-strategies/","301","plain"
"/how-to-read-the-us-non-farm-payroll-report","/category/fundamental-analysis/","301","plain"
"/top-10-powerful-insights-israel-iran-conflict-effect-on-gold-and-oil-prices","/category/fundamental-analysis/","301","plain"
"/powell-speech-today-powerful-market-reaction-live-analysis-explained","/category/fundamental-analysis/","301","plain"
"/7-surprising-reasons-why-nfp-beats-expectations-but-dollar-falls-powerful-market-breakdown","/category/fundamental-analysis/","301","plain"
"/7-powerful-differences-between-nominal-gdp-and-real-gdp-trading-every-investor-must-know","/category/fundamental-analysis/","301","plain"
"/bank-of-canada-rate-decision-impact-on-usd-cad-powerful-insights-trends","/category/fundamental-analysis/","301","plain"
"/how-to-read-fomc-dot-plot-for-future-rate-cuts-9-powerful-insights-for-investors","/category/forex-trading-strategies/","301","plain"
"/7-powerful-reasons-why-markets-rally-when-bad-news-comes-out-and-what-investors-should-know","/category/forex-trading-strategies/","301","plain"
"/what-is-quantitative-easing-vs-tightening-cycle-the-ultimate","/category/fundamental-analysis/","301","plain"
"/how-to-combine-economic-calendar-with-price-action-proven-strategies-for-traders","/category/forex-trading-strategies/forex-swing-trading/","301","plain"
"/best-scalping-strategy-for-beginners-in-forex-proven-powerful-beginner-friendly-guide","/ai-gold-scalping-ea-free-download-powerful-profitable-2026-guide-7-proven-insights/","301","plain"
"/top-10-powerful-price-action-trading-patterns-for-day-traders","/category/forex-trading-strategies/forex-swing-trading/","301","plain"
"/10-powerful-momentum-trading-techniques-for-stocks-to-boost-your-returns","/category/forex-indicator-reviews/","301","plain"
"/top-10-powerful-tips-for-a-news-trading-strategy-during-earnings-season","/category/forex-trading-strategies/forex-swing-trading/","301","plain"
"/top-10-powerful-ways-to-profit-from-arbitrage-opportunities-in-cryptocurrency-exchanges-complete-guide","/category/strategies-best-practices/","301","plain"
"/10-powerful-insights-into-the-pair-trading-method-for-correlated-stocks-beginner-friendly-guide","/category/strategies-best-practices/","301","plain"
"/candlestick-patterns-for-reversal-trades-a-comprehensive-guide","/category/forex-trading-strategies/","301","plain"
"/gann-angles-for-swing-trading-a-deep-dive","/category/forex-trading-strategies/forex-swing-trading/","301","plain"
"/journaling-your-trades-for-continuous-improvement-a-traders-secret-weapon","/category/strategies-best-practices/","301","plain"
"/macd-and-rsi-combined-strategy-for-swing-trading","/category/forex-indicator-reviews/","301","plain"
"/ichimoku-cloud-settings-for-4-hour-chart-forex","/category/forex-trading-strategies/","301","plain"
"/ichimoku-kinko-hyo-a-complete-guide-for-beginners","/category/forex-indicator-reviews/","301","plain"
"/tradingview-pine-script-rsi-divergence-indicator-free-version","/category/forex-indicator-reviews/","301","plain"
"/tenkan-sen-kijun-sen-crossover-strategy","/category/forex-indicator-reviews/","301","plain"
"/volume-profile-visible-range-vs-session-volume","/category/forex-indicator-reviews/","301","plain"
"/best-combination-of-indicators-without-repainting","/category/forex-indicator-reviews/","301","plain"
"/how-to-calculate-position-size-in-forex-trading","/category/forex-trading-strategies/","301","plain"
"/what-to-write-in-a-trading-journal-daily","/category/strategies-best-practices/","301","plain"
"/how-to-develop-discipline-in-trading","/category/trading-psychology/","301","plain"
"/how-to-handle-drawdowns-without-tilting","/category/trading-psychology/","301","plain"
"/why-traders-move-stop-loss-to-breakeven-too-early","/category/trading-psychology/","301","plain"
"/risk-per-trade-calculator-online-free","/category/strategies-best-practices/","301","plain"
"/how-to-avoid-overtrading-due-to-boredom-a-guide-for-traders","/category/forex-trading-strategies/","301","plain"
"/greed-after-a-winning-streak-in-trading-a-double-edged-sword","/category/trading-psychology/","301","plain"
"/how-to-backtest-your-risk-management-rules","/category/risk-money-management/","301","plain"
"/trading-psychology-meditation-for-traders","/category/trading-psychology/","301","plain"
"/12-powerful-mt4-robot-portfolio-building-best-practices-for-smarter-automated-trading","/category/mt4-mt5-expert-advisors/ea-settings-optimization/","301","plain"
"/mission-profit-ea-free-download-7-powerful-facts-every-trader-must-know-before-installing","/category/free-forex-ea/","301","plain"
"/breakout-scalper-mt4-ea-free-download-7-powerful-benefits-every-trader-must-know","/pip-scalper-ea-mt4-free-download-7-powerful-benefits-and-smart-setup-guide/","301","plain"
"/engineer-forex-ea-free-download-risky-truths-smart-alternatives-9-step-safety-guide","/category/free-forex-ea/","301","plain"
"/harmonic-zup-v20-forex-indicator-mt4-free-download-powerful-guide-9-to-safe-setup-smart-use","/cpr-forex-indicator-for-mt4-free-download-7-powerful-benefits-proven-trading-secrets/","301","plain"
"/stgpro-free-trading-indicator-download-7-powerful-reasons-traders-love-it","/noble-impulse-v4-indicator-and-strategies-for-free-download-powerful-guide-9-proven-tactics/","301","plain"
"/4ex-trader-pro-trading-system-free-download-7-powerful-truths-you-must-know-before-getting-it","/category/mt4-mt5-expert-advisors/ea-reviews-comparisons/","301","plain"
"/10-powerful-strategies-for-mastering-advanced-techniques-for-analyzing-order-flow-in-trading-sims-2","/category/installation-setup/","301","plain"
"/how-to-calculate-pips-in-forex-for-beginners-7-powerful-steps-to-master-pip-value-today-2","/category/beginners-guides-forex-basics/","301","plain"
"/is-forex-trading-halal-or-haram-top-facts-expert-insights-clear-answer-2","/category/forex-trading-strategies/","301","plain"
"/trading-psychology-meditation-for-traders-2","/category/trading-psychology/","301","plain"
"/mission-profit-ea-free-download-7-powerful-facts-every-trader-must-know-before-installing-2","/category/free-forex-ea/","301","plain"
"/breakout-scalper-mt4-ea-free-download-7-powerful-benefits-every-trader-must-know-2","/pip-scalper-ea-mt4-free-download-7-powerful-benefits-and-smart-setup-guide/","301","plain"
"/engineer-forex-ea-free-download-risky-truths-smart-alternatives-9-step-safety-guide-2","/category/free-forex-ea/","301","plain"
"/stgpro-free-trading-indicator-download-7-powerful-reasons-traders-love-it-2","/noble-impulse-v4-indicator-and-strategies-for-free-download-powerful-guide-9-proven-tactics/","301","plain"
"/master-the-quarters-theory-indicator-free-download-7-powerful-secrets-for-smarter-trading-2","/asian-breakout-trading-system-free-download-powerful-7-step-strategy-for-explosive-forex-profits/","301","plain"
"/4ex-trader-pro-trading-system-free-download-7-powerful-truths-you-must-know-before-getting-it-2","/category/mt4-mt5-expert-advisors/ea-reviews-comparisons/","301","plain"
"/best-mt4-trend-indicator-system-free-download-powerful-7-step-setup-for-smarter-trading-2","/📈-pro-trend-line-indicator-free-download-7-powerful-benefits-every-trader-must-know/","301","plain"
"/golden-hen-ea-forex-ea-reviews-honest-insights-powerful-results-performance-breakdown-2","/quantum-valkyrie-forex-ea-reviews-powerful-insights-honest-analysis-performance-breakdown/","301","plain"
"/how-to-install-mt4-expert-advisor-on-windows-7-powerful-steps-for-fast-easy-setup","/gold-scalping-expert-advisor-mt4-free-download-powerful-proven-guide-7-winning-secrets/","301","plain"
"/simple-mt4-robot-setup-without-coding-7-powerful-steps-for-beginners","/mft-trading-robot-mt4-free-download-7-powerful-facts-you-must-know-before-installing/","301","plain"
"/quick-start-guide-for-mt4-ea-on-vps-server-the-ultimate-step-by-step-tutorial","/category/beginners-guides-forex-basics/","301","plain"
"/mt4-expert-advisor-installation-step-by-step-windows-ultimate-guide","/category/mt4-mt5-expert-advisors/","301","plain"
"/7-powerful-steps-on-how-to-add-expert-advisor-to-mt4-with-screenshots-beginner-friendly-guide","/gold-scalping-expert-advisor-mt4-free-download-powerful-proven-guide-7-winning-secrets/","301","plain"
"/ultimate-metatrader-4-expert-advisor-basic-setup-guide-10-powerful-steps-for-smooth-ea-deployment","/category/installation-setup/","301","plain"
"/mt4-ea-installation-step-by-step-windows-11-ultimate-guide-for-traders","/category/mt4-mt5-expert-advisors/","301","plain"
"/how-to-install-mt4-on-windows-step-by-step-the-ultimate-beginner-friendly-guide","/category/installation-setup/","301","plain"
"/how-to-install-mt4-expert-advisor-on-windows-11-the-ultimate-step-by-step-guide","/gold-scalping-expert-advisor-mt4-free-download-powerful-proven-guide-7-winning-secrets/","301","plain"
"/mt4-ea-money-management-percent-risk-per-trade-7-powerful-ways-to-control-risk-and-grow-your","/category/forex-trading-strategies/","301","plain"
"/how-to-set-dynamic-position-sizing-in-mt4-robots-powerful-strategies-for-smarter-trading","/category/strategies-best-practices/","301","plain"
"/optimize-mt4-ea-inputs-using-genetic-algorithm-complete-practical-guide","/category/mt4-mt5-expert-advisors/ea-settings-optimization/","301","plain"
"/backtesting-walk-forward-method-explained-for-beginners-7-powerful-insights-every-new-trader-needs","/category/installation-setup/","301","plain"
"/monte-carlo-test-for-mt4-backtesting-the-complete-robustness-guide-for-traders","/category/mt4-mt5-expert-advisors/ea-settings-optimization/","301","plain"
"/10-powerful-ways-to-fix-the-cannot-load-library-error-in-mt4-solutions-guaranteed-guide","/category/installation-setup/","301","plain"
"/11-best-ways-to-fix-mt4-trade-is-disabled-error-powerful-troubleshooting-guide","/category/installation-setup/","301","plain"
"/ultimate-guide-to-fixing-order-send-error-130-invalid-stops-solutions","/category/installation-setup/","301","plain"
"/how-to-use-magic-numbers-to-track-trades-powerful-guide-for-traders","/category/installation-setup/","301","plain"
"/portfolio-of-multiple-eas-risk-diversification-7-powerful-strategies-for-safer-automated-trading","/category/installation-setup/","301","plain"
"/vps-requirements-for-broker-mt4-links-ultimate-guide-for-traders","/category/mt4-mt5-expert-advisors/","301","plain"
"/7-critical-facts-about-vps-latency-and-ping-requirements-for-scalping-ea","/category/installation-setup/","301","plain"
"/10-powerful-best-strategies-for-asian-session-mt4-robots-proven-safe-effective","/category/mt4-mt5-expert-advisors/ea-settings-optimization/","301","plain"
"/10-powerful-tips-for-using-mt4-eas-on-pepperstone-platform-full-guide","/category/mt4-mt5-expert-advisors/","301","plain"
"/10-powerful-ways-of-using-excel-to-visualize-mt4-ea-performance-data-beginner-friendly-guide","/category/mt4-mt5-expert-advisors/ea-settings-optimization/","301","plain"
"/monte-carlo-simulations-for-mt4-robots-complete-beginner-to-pro-guide","/category/installation-setup/","301","plain"
"/profit-factor-vs-win-rate-which-matters-for-ea-the-ultimate-guide-for-traders","/category/mt4-mt5-expert-advisors/ea-reviews-comparisons/","301","plain"
"/7-powerful-reasons-this-guide-to-risk-adjusted-returns-for-forex-robots-will-transform-your-trading","/category/installation-setup/","301","plain"
"/how-does-the-forex-market-work-explained-simply-the-ultimate-beginner-friendly-guide","/category/forex-trading-strategies/","301","plain"
"/currency-pairs-explained-for-new-traders-11-powerful-insights-for-success","/category/forex-trading-strategies/forex-scalping/","301","plain"
"/what-is-leverage-in-forex-with-risks-explained","/category/forex-trading-strategies/","301","plain"
"/10-powerful-forex-risk-management-rules-for-small-accounts-complete-guide","/category/installation-setup/","301","plain"
"/how-to-calculate-position-size-step-by-step-complete-beginner-friendly-guide","/category/installation-setup/","301","plain"
"/forex-drawdown-explained-and-how-to-recover-11-powerful-steps-for-traders","/category/installation-setup/","301","plain"
"/how-to-build-a-forex-trading-plan-template-the-ultimate-step-by-step-guide","/the-best-forex-trading-journal-template-excel-download-complete-guide-free-resources/","301","plain"
"/how-to-set-realistic-forex-trading-goals-11-proven-steps-for-success","/category/installation-setup/","301","plain"
"/mt4-indicators-for-beginners-simple-and-useful-17-powerfully-simple-tools-to-start-trading-smart","/top-10-best-mt4-indicators-for-gold-xauusd-powerful-tools-for-accurate-trading/","301","plain"
"/how-to-add-custom-indicators-to-mt4-step-by-step-full-beginners-guide","/best-custom-mt4-indicators-for-scalping/","301","plain"
"/10-powerful-ways-the-atr-stop-loss-method-explained-with-examples-can-improve-your-trading","/category/installation-setup/","301","plain"
"/ichimoku-cloud-strategy-for-mt4-step-by-step-complete-beginners-guide","/category/installation-setup/","301","plain"
"/rsi-divergence-strategy-step-by-step-guide","/category/forex-trading-strategies/","301","plain"
"/complete-keltner-channel-breakout-ea-rules-tutorial-step-by-step-guide","/category/mt4-mt5-expert-advisors/ea-development-mql4-mql5/","301","plain"
"/step-by-step-pine-script-v5-tutorial-for-day-trading-complete-beginners-guide","/category/installation-setup/","301","plain"
"/7-best-ultimate-ways-to-master-tradingview-webhook-alerts-to-discord-step-by-step","/category/ai-powered-trading-tools/","301","plain"
"/ultimate-guide-to-tradingview-paper-trading-setup-for-complete-beginners","/category/installation-setup/","301","plain"
"/how-to-use-myfxbook-to-verify-trading-results-7-powerful-steps-for-accurate-account-tracking","/category/installation-setup/","301","plain"
"/powerful-top-15-trading-psychology-tips-for-beginners-in-forex","/category/installation-setup/","301","plain"
"/how-to-avoid-overtrading-in-forex-practical-tips-21-powerful-ways-to-trade-smarter","/category/installation-setup/","301","plain"
"/how-discipline-and-patience-in-forex-trading-habits-lead-to-powerful-long-term-success","/category/forex-trading-strategies/","301","plain"
"/10-powerful-ways-to-build-the-best-morning-routine-for-day-traders-forex","/category/installation-setup/","301","plain"
"/10-powerful-rules-to-control-fomo-in-fast-moving-markets-backed-by-proven-trading-psychology","/category/installation-setup/","301","plain"
"/15-best-ways-to-stop-revenge-trading-practical-tips-proven-powerful","/category/installation-setup/","301","plain"
"/ultimate-guide-myfxbook-verification-for-ea-performance-tutorial","/category/installation-setup/","301","plain"
"/rsi-divergence-strategy-for-forex-trading-9-powerful-tips-to-boost-your-accuracy","/category/installation-setup/","301","plain"
"/ichimoku-cloud-trading-system-for-mt4-the-ultimate-guide-to-smarter-faster-trades","/category/installation-setup/","301","plain"
"/parabolicsar-trend-following-indicator-10-powerful-insights-for-smarter-trading","/breakout-and-retest-scanner-indicator-free-download-7-powerful-secrets-to-smarter-trading/","301","plain"
"/heiken-ashi-candles-for-trend-identification-11-powerful-ways-to-improve-your-trading-strategy","/category/forex-trading-strategies/","301","plain"
"/understanding-the-correlation-matrix-indicator-for-currency-pairs","/category/forex-trading-strategies/","301","plain"
"/top-10-powerful-tips-for-a-winning-news-trading-strategy-during-economic-releases","/category/installation-setup/","301","plain"
"/how-to-choose-the-best-forex-broker-for-mt4","/top-7-best-free-forex-scalper-ea-for-mt4-download/","301","plain"
"/10-powerful-demo-account-practice-strategies-for-beginners","/category/installation-setup/","301","plain"
"/creating-custom-indicators-in-mt4-mql4-complete-step-by-step-guide","/best-custom-mt4-indicators-for-scalping/","301","plain"
"/multi-timeframe-volume-spike-detection-strategies-for-day-traders","/category/forex-trading-strategies/forex-scalping/","301","plain"
"/filter-false-signals-with-volatility-channel-indicators-in-forex","/category/installation-setup/","301","plain"
"/volumetric-inverse-fair-value-gap-detection-in-cryptocurrency-trading","/category/installation-setup/","301","plain"
"/multi-tool-vwap-and-emas-for-key-level-analysis-in-stock-charts","/category/installation-setup/","301","plain"
"/ym-ultimate-sniper-indicator-confluence-scoring-for-intraday-trades","/category/installation-setup/","301","plain"
"/intrabar-delta-momentum-tools-for-order-flow-in-futures-markets-11-powerful-insights-for-traders","/category/installation-setup/","301","plain"
"/ai-driven-k-means-clustering-for-whale-activity-in-stocks-11-powerful-insights-for-smarter-trading-decisions","/category/installation-setup/","301","plain"
"/gocharting-exotic-charts-setup-for-multi-asset-trading-10-powerful-tips-for-smarter-market-execution","/category/ai-powered-trading-tools/","301","plain"
"/options-trading-strategies-for-volatile-markets-without-losing-money","/category/installation-setup/","301","plain"
"/10-powerful-insights-on-how-the-stock-market-auction-process-works-for-first-time-traders","/category/installation-setup/","301","plain"
"/10-powerful-strategies-for-making-money-with-options-in-beginner-friendly-ways","/category/installation-setup/","301","plain"
"/best-online-brokers-for-beginners-in-stock-and-forex-trading","/category/installation-setup/","301","plain"
"/15-powerful-technical-analysis-tools-every-day-trader-needs-to-learn-for-consistent-profits","/category/forex-trading-strategies/","301","plain"
"/beginner-guide-to-cfd-trading-with-zero-commission-brokers","/category/installation-setup/","301","plain"
"/simple-nasdaq-intraday-trading-strategy-7-powerful-steps-for-guaranteed-improvement","/category/installation-setup/","301","plain"
"/how-to-use-rsi-in-forex-trading-powerful-strategies-expert-guidance","/category/installation-setup/","301","plain"
"/how-to-use-stop-loss-in-forex-trading-10-powerful-strategies-for-safer-trades","/category/forex-trading-strategies/","301","plain"
"/what-is-forex-trading-and-how-does-it-work-full-beginner-breakdown","/category/installation-setup/","301","plain"
"/7-powerful-reasons-a-forex-trading-app-for-mobile-devices-can-transform-your-trading-success","/category/installation-setup/","301","plain"
"/the-ultimate-guide-to-compound-interest-in-forex-account-growth","/category/installation-setup/","301","plain"
"/how-to-get-fit-for-consistent-forex-trading-10-powerful-strategies-for-long-term-success","/category/forex-trading-strategies/","301","plain"
"/how-to-write-a-forex-trading-resume-9-powerful-steps-for-a-winning-application","/prop-firm-ea-free-download-7-powerful-truths-every-trader-must-know/","301","plain"
"/10-powerful-ways-to-understand-forex-calendar-events-for-beginners-complete-guide","/category/installation-setup/","301","plain"
"/17-powerful-risk-management-techniques-for-swing-trading-you-must-know-ultimate-guide","/category/installation-setup/","301","plain"
"/10-powerful-ways-the-economic-news-impact-on-gold-prices-shapes-global-markets","/category/installation-setup/","301","plain"
"/how-to-build-a-forex-trading-journal-template-powerful-step-by-step-guide","/the-best-forex-trading-journal-template-excel-download-complete-guide-free-resources/","301","plain"
"/common-mistakes-in-countertrend-scalping-12-powerful-insights-to-avoid-costly-errors","/category/forex-trading-strategies/forex-scalping/","301","plain"
"/15-powerful-ways-evergreen-forex-education-for-long-term-success-can-transform-your-trading","/category/forex-trading-strategies/","301","plain"
"/top-10-powerful-fibonacci-retracement-ea-automated-trading-rules-for-successful-forex-strategies","/category/installation-setup/","301","plain"
"/7-powerful-ways-the-parabolic-sar-dots-indicator-with-alert-free-download-can-boost-your-trading","/category/forex-trading-strategies/","301","plain"
"/adx-strength-indicator-combined-with-moving-average-ea-powerful-strategy-for-smarter-trading","/🚀-moving-average-crossover-arrows-indicator-mt5-free-download-powerful-profitable-guide/","301","plain"
"/9-powerful-insights-to-use-williams-percent-r-overbought-oversold-forex-signals-effectively","/category/installation-setup/","301","plain"
"/top-10-powerful-benefits-of-the-keltner-channel-squeeze-strategy-with-free-ea-download-ultimate-guide","/category/forex-trading-strategies/","301","plain"
"/7-powerful-ways-to-master-awesome-oscillator-divergence-ea-free-mt4-version-must-read-guide","/category/mt4-mt5-expert-advisors/ea-reviews-comparisons/","301","plain"
"/7-powerful-benefits-of-a-free-zigzag-indicator-with-repaint-fix-for-trend-lines","/📈-gold-trend-mt4-indicator-free-download-7-powerful-benefits-every-trader-must-know/","301","plain"
"/how-to-set-up-one-more-candle-ea-for-price-action-ultimate-step-by-step-guide","/category/installation-setup/","301","plain"
"/ultimate-guide-to-free-round-numbers-indicator-magic-levels-forex","/super-arrow-mt4-forex-indicator-free-download-powerful-7-step-guide-to-smarter-trading/","301","plain"
"/7-powerful-reasons-to-use-free-laguerre-rsi-indicator-for-mean-reversion-trades","/category/installation-setup/","301","plain"
"/7-powerful-ways-to-master-how-to-use-detrended-price-oscillator-dpo-in-ea-for-smarter-algorithmic-trading","/category/installation-setup/","301","plain"
"/7-powerful-steps-to-master-how-to-backtest-absolute-price-oscillator-apo-strategy","/category/installation-setup/","301","plain"
"/top-10-powerful-free-money-flow-index-mfi-volume-confirmation-signals","/category/installation-setup/","301","plain"
"/10-powerful-ways-to-use-negative-volume-index-nvi-in-trend-ea","/category/installation-setup/","301","plain"
"/ease-of-movement-emv-oscillator-breakout-ea-download-best-expert-advisor-guide","/category/mt4-mt5-expert-advisors/ea-reviews-comparisons/","301","plain"
"/10-best-free-demo-accounts-for-learning-forex-basics-powerful-guide-for-beginners","/category/ai-powered-trading-tools/brokers-trading-platforms/","301","plain"
"/how-to-read-candlestick-charts-for-forex-newbies-10-powerful-tips-for-fast-learning","/category/installation-setup/","301","plain"
"/10-powerful-simple-risk-management-rules-for-forex-beginners-must-read-guide","/category/forex-trading-strategies/","301","plain"
"/what-is-leverage-in-forex-and-how-to-use-it-safely-essential-guide","/category/installation-setup/","301","plain"
"/7-powerful-tips-for-the-best-time-to-trade-forex-for-part-time-beginners-improve-results-fast","/category/installation-setup/","301","plain"
"/10-powerful-reasons-you-need-a-free-forex-trading-journal-template-for-beginners-complete-guide","/the-best-forex-trading-journal-template-excel-download-complete-guide-free-resources/","301","plain"
"/10-powerful-steps-on-how-to-trade-eur-usd-pair-for-absolute-beginners","/category/installation-setup/","301","plain"
"/what-is-margin-in-forex-trading-explained-easy-the-ultimate-beginner-friendly-guide","/category/installation-setup/","301","plain"
"/beginner-guide-to-forex-lot-sizes-and-trading-9-powerful-tips-for-success","/category/installation-setup/","301","plain"
"/7-powerful-facts-about-what-are-forex-trading-sessions-and-overlaps-you-must-know","/category/installation-setup/","301","plain"
"/top-10-insights-about-what-is-scalping-in-forex-and-is-it-good-for-newbies-must-read-guide","/category/installation-setup/","301","plain"
"/how-to-identify-support-and-resistance-in-forex-proven-strategies-for-traders","/category/installation-setup/","301","plain"
"/how-to-manage-emotions-in-forex-trading-psychology-15-powerful-strategies-for-success","/category/forex-trading-strategies/","301","plain"
"/top-10-reasons-this-simple-bollinger-bands-strategy-for-forex-newbies-works-amazingly-well","/category/installation-setup/","301","plain"
"/what-is-the-economic-calendar-and-how-to-use-it-powerful-guide-for-traders","/category/forex-trading-strategies/","301","plain"
"/how-to-trade-during-asian-forex-session-as-beginner-10-powerful-tips-for-success","/category/installation-setup/","301","plain"
"/free-forex-glossary-terms-every-newbie-should-know-10-powerful-concepts-to-fast-track-your-trading-success","/category/installation-setup/","301","plain"
"/how-to-spot-fake-forex-brokers-for-safe-trading-10-powerful-ways-to-protect-your-money","/category/installation-setup/","301","plain"
"/what-is-carry-trade-in-forex-explained-for-beginners-powerful-guide","/category/installation-setup/","301","plain"
"/beginner-guide-to-rsi-indicator-in-forex-trading-7-powerful-tips-for-new-traders","/forex-millionaire-indicator-free-download-7-powerful-truths-you-must-know-before-installing/","301","plain"
"/what-are-pending-orders-in-forex-and-types-7-powerful-insights-every-trader-must-know","/category/installation-setup/","301","plain"
"/how-to-trade-gbp-usd-volatility-as-a-newbie-10-powerful-tips-for-success","/category/forex-trading-strategies/forex-scalping/","301","plain"
"/10-powerful-reasons-what-causes-currency-strength-changes-in-forex-explained-clearly","/category/forex-trading-strategies/","301","plain"
"/10-powerful-simple-price-action-patterns-for-forex-beginners-that-actually-work","/category/installation-setup/","301","plain"
"/how-to-start-paper-trading-forex-without-money-the-ultimate-beginners-guide","/category/forex-trading-strategies/","301","plain"
"/what-is-fundamental-analysis-in-forex-basics-10-powerful-insights-for-beginners","/category/installation-setup/","301","plain"
"/beginner-guide-to-forex-chart-timeframes-choice-7-powerful-tips-for-better-trading-decisions","/category/installation-setup/","301","plain"
"/what-are-pivot-points-in-forex-and-how-to-trade-them-11-proven-strategies-for-success","/category/forex-trading-strategies/","301","plain"
"/top-10-powerful-free-video-tutorials-for-forex-candlestick-patterns-beginners-guide","/category/installation-setup/","301","plain"
"/top-10-powerful-insights-on-what-is-a-demo-contest-in-forex-and-how-to-join-must-read-guide","/category/installation-setup/","301","plain"
"/10-powerful-ways-to-use-trailing-stop-in-forex-for-profits-pro-level-guide","/category/installation-setup/","301","plain"
"/how-to-trade-range-markets-in-forex-effectively-7-powerful-strategies-to-boost-your-results","/forex-viking-most-profitable-indicator-free-download-7-powerful-secrets-to-consistent-profits/","301","plain"
"/how-to-choose-forex-trading-hours-by-timezone-the-ultimate-guide-for-smart-traders","/category/strategies-best-practices/","301","plain"
"/what-are-sentiment-indicators-in-forex-trading-powerful-guide-for-traders","/category/strategies-best-practices/","301","plain"
"/beginner-guide-to-options-in-forex-markets-12-powerful-insights-for-smarter-trading","/super-arrow-mt4-forex-indicator-free-download-powerful-7-step-guide-to-smarter-trading/","301","plain"
"/7-powerful-ways-to-recover-from-a-losing-forex-trading-streak-and-come-back-stronger","/category/strategies-best-practices/","301","plain"
"/10-powerful-insights-what-is-cfd-trading-vs-spot-forex-for-newbies","/category/strategies-best-practices/","301","plain"
"/10-powerful-ways-to-master-how-to-trade-aud-usd-based-on-commodity-prices","/category/forex-trading-strategies/","301","plain"
"/simple-onehundred-pips-a-day-strategy-forex-the-ultimate-guide-to-consistent-trading","/category/forex-trading-strategies/forex-scalping/","301","plain"
"/10-powerful-reasons-why-what-are-harmonic-patterns-in-forex-trading-can-improve-your-market-results","/category/strategies-best-practices/","301","plain"
"/best-forex-strategies-for-beginners-10-proven-methods-for-fast-safe-trading-success","/category/strategies-best-practices/","301","plain"
"/10-powerful-insights-to-understand-what-is-leverage-in-forex-trading-explained-must-read-guide","/category/forex-trading-strategies/","301","plain"
"/10-best-ways-to-choose-a-reliable-forex-broker-for-us-traders-powerful-guide","/category/strategies-best-practices/","301","plain"
"/top-5-forex-trading-tips-for-new-investors-7-powerful-secrets-to-improve-your-success","/category/forex-trading-strategies/","301","plain"
"/10-powerful-ways-to-learn-how-to-use-mt4-platform-for-forex-beginners","/top-7-best-free-forex-scalper-ea-for-mt4-download/","301","plain"
"/how-to-read-candlestick-charts-in-forex-powerful-strategies-for-beginners","/category/forex-trading-strategies/","301","plain"
"/the-best-forex-scalping-strategy-for-quick-profits-proven-powerful-and-easy-to-use","/monopolist-scalping-expert-advisor-free-download-powerful-7-step-guide-to-smart-forex-profits/","301","plain"
"/12-powerful-tips-for-swing-trading-forex-guide-for-part-time-traders-best-beginner-strategy","/category/strategies-best-practices/","301","plain"
"/powerful-guide-to-the-moving-average-crossover-strategy-for-forex-best-practices-tips-insights","/🚀-moving-average-crossover-arrows-indicator-mt5-free-download-powerful-profitable-guide/","301","plain"
"/rsi-divergence-trading-signals-in-forex-powerful-strategies-for-consistent-wins","/category/strategies-best-practices/","301","plain"
"/how-to-trade-news-events-in-forex-safely-12-proven-strategies-for-smart-traders","/category/fundamental-analysis/","301","plain"
"/how-to-calculate-risk-reward-ratio-in-forex-powerful-guide-for-traders","/category/fundamental-analysis/","301","plain"
"/best-forex-books-for-beginners-to-read-10-powerful-picks-every-new-trader-should-know","/category/fundamental-analysis/","301","plain"
"/top-10-powerful-online-forex-courses-worth-taking-for-free-you-shouldnt-miss","/category/fundamental-analysis/","301","plain"
"/best-regulated-forex-brokers-list-for-europe","/category/forex-broker-reviews/","301","plain"
"/impact-of-interest-rates-on-forex-markets-how-changes-shape-currency-movements","/category/fundamental-analysis/","301","plain"
"/non-farm-payroll-trading-strategy-forex-a-complete-guide-for-traders","/category/fundamental-analysis/","301","plain"
"/how-to-trade-carry-trades-in-forex","/category/forex-trading-strategies/forex-swing-trading/","301","plain"
"/rollover-fees-in-forex-explained-simply","/category/strategies-best-practices/","301","plain"
"/forex-options-trading-for-beginners-guide","/category/forex-trading-strategies/","301","plain"
"/cfd-trading-in-forex-pros-and-cons","/category/forex-trading-strategies/","301","plain"
"/chart-patterns-every-trader-should-know","/category/chart-patterns/","301","plain"
"/double-top-and-bottom-reversal-signals-powerful-guide-to-spotting-market-turning-points","/category/chart-patterns/","301","plain"
"/how-to-use-macd-indicator-effectively-10-proven-strategies-for-traders","/category/technical-analysis/","301","plain"
"/mastering-stochastic-oscillator-settings-for-forex-top-strategies","/category/technical-analysis/","301","plain"
"/parabolic-sar-for-trailing-stops-in-forex","/category/forex-trading-strategies/","301","plain"
"/elliott-wave-theory-basics-for-forex-a-beginners-complete-guide","/category/technical-analysis/","301","plain"
"/pivot-points-calculation-for-daily-trading","/category/technical-analysis/","301","plain"
"/how-to-use-adx-for-trend-strength-a-complete-guide","/📈-pro-trend-line-indicator-free-download-7-powerful-benefits-every-trader-must-know/","301","plain"
"/understanding-williams-percent-r-overbought-oversold","/category/forex-trading-strategies/","301","plain"
"/cci-divergence-for-forex-reversals","/category/forex-indicator-reviews/","301","plain"
"/forex-trading-journal-template-free-download-maximize-your-trading-success","/the-best-forex-trading-journal-template-excel-download-complete-guide-free-resources/","301","plain"
"/overtrading-prevention-strategies-for-traders","/category/strategies-best-practices/","301","plain"
"/position-sizing-calculator-for-forex-the-ultimate-guide","/category/forex-trading-strategies/","301","plain"
"/kelly-criterion-formula-in-trading-maximize-your-profits-with-precision","/category/forex-trading-strategies/","301","plain"
"/london-session-forex-strategies-guide-7-proven-tactics-to-boost-your-trading-success","/category/forex-trading-strategies/forex-scalping/","301","plain"
"/new-york-session-overlap-trading-tips-maximize-your-forex-profits","/category/forex-trading-strategies/forex-scalping/","301","plain"
"/quiet-hours-in-forex-and-what-to-do","/category/forex-trading-strategies/forex-scalping/","301","plain"
"/how-to-trade-exotic-currency-pairs-complete-guide","/category/beginners-guides-forex-basics/","301","plain"
"/7-powerful-insights-on-stock-market-correlation-with-forex-for-smarter-trading","/smart-correlation-hedge-ea-free-download-powerful-7-step-guide-to-smarter-forex-hedging/","301","plain"
"/10-powerful-crypto-forex-pairs-trading-tips-for-consistent-profits","/forex-viking-most-profitable-indicator-free-download-7-powerful-secrets-to-consistent-profits/","301","plain"
"/how-to-diversify-forex-portfolio-11-powerful-strategies-for-safer-trading-success","/category/strategies-best-practices/","301","plain"
"/how-to-spot-high-probability-trades-11-powerful-strategies-for-traders","/category/forex-trading-strategies/","301","plain"
"/7-powerful-ways-to-master-how-to-exit-trades-without-emotion","/category/strategies-best-practices/","301","plain"
"/12-powerful-ways-to-master-small-account-growth-strategies-forex","/category/forex-trading-strategies/","301","plain"
"/11-powerful-benefits-of-walk-forward-optimization-in-backtesting","/category/beginners-guides-forex-basics/","301","plain"
"/7-powerful-reasons-behind-the-decentralized-forex-exchanges-rise","/category/strategies-best-practices/","301","plain"
"/7-powerful-strategies-for-sustainable-trading-ethical-forex-success","/category/strategies-best-practices/","301","plain"
"/the-carbon-footprint-of-forex-brokers-powerful-insights-for-a-greener-trading-future","/category/strategies-best-practices/","301","plain"
"/12-powerful-ways-diversity-in-trading-communities-strengthens-market-success","/category/trading-psychology/","301","plain"
"/retail-vs-institutional-trading-differences-15-shocking-insights-you-must-know","/category/forex-broker-reviews/","301","plain"
"/top-10-funded-trader-programs-review-powerful-insights-expert-ratings","/category/prop-firm-reviews/","301","plain"
"/10-powerful-my-forex-funds-alternatives-for-safer-smarter-trading","/category/ai-powered-trading-tools/","301","plain"
"/ftmo-vs-the-funded-trader-comparison-ultimate-guide-to-choosing-the-best-prop-firm","/prop-firm-ea-free-download-7-powerful-truths-every-trader-must-know/","301","plain"
"/ultimate-blueberry-funded-accounts-guide-proven-tips-powerful-strategies-everything-you-must-know","/category/ai-powered-trading-tools/","301","plain"
"/7-powerful-reasons-to-understand-overall-drawdown-vs-trailing-before-you-trade","/category/prop-firm-reviews/","301","plain"
"/10-powerful-insights-about-scalping-allowed-in-funded-programs-for-traders","/category/prop-firm-reviews/","301","plain"
"/news-trading-bans-explained-essential-guide","/category/prop-firm-reviews/","301","plain"
"/powerful-breakeven-rules-after-first-trade-15-proven-strategies-for-smart-traders","/category/prop-firm-reviews/","301","plain"
"/17-powerful-reasons-advanced-prop-firms-for-pros-are-transforming-professional-trading","/category/ai-powered-trading-tools/","301","plain"
"/what-is-forex-trading-for-beginners-17-powerful-insights-to-start-safely","/category/beginners-guides-forex-basics/","301","plain"
"/what-is-a-pip-in-forex-simple-explanation-the-ultimate-beginner-friendly-guide","/category/beginners-guides-forex-basics/","301","plain"
"/what-are-lots-in-forex-trading-10-powerful-insights-beginners-must-know","/category/beginners-guides-forex-basics/","301","plain"
"/what-is-a-currency-pair-in-forex-explained-the-ultimate-guide","/category/forex-trading-strategies/","301","plain"
"/how-to-read-forex-pairs-for-beginners-7-powerful-tips-for-smarter-trading","/super-arrow-mt4-forex-indicator-free-download-powerful-7-step-guide-to-smarter-trading/","301","plain"
"/7-powerful-insights-for-understanding-the-spread-in-forex-trading-beginner-friendly-guide","/category/ai-powered-trading-tools/brokers-trading-platforms/","301","plain"
"/how-forex-market-hours-work-powerful-guide","/category/beginners-guides-forex-basics/","301","plain"
"/best-time-to-trade-forex-for-beginners-complete-guide-to-smart-timing-higher-profits","/category/beginners-guides-forex-basics/","301","plain"
"/top-10-facts-about-what-is-margin-in-forex-trading-powerful-guide-for-safe-smart-trading","/category/beginners-guides-forex-basics/","301","plain"
"/how-to-place-a-buy-and-sell-order-in-forex","/category/forex-trading-strategies/","301","plain"
"/trailing-stop-in-forex-explained-powerful-strategies-for-safer-trading","/category/beginners-guides-forex-basics/","301","plain"
"/7-powerful-reasons-why-can-you-trade-forex-without-leverage-is-a-smart-trading-strategy","/category/beginners-guides-forex-basics/","301","plain"
"/ultimate-guide-to-forex-trading-session-times-gmt-powerful-insights-for-winning-trades","/category/beginners-guides-forex-basics/","301","plain"
"/why-forex-market-is-closed-on-weekends-powerful-insights-you-need-to-know","/category/beginners-guides-forex-basics/","301","plain"
"/what-is-a-demo-account-in-forex-the-ultimate-guide-for-beginners","/category/beginners-guides-forex-basics/","301","plain"
"/what-is-a-candlestick-chart-in-forex-powerful-guide-for-traders","/category/forex-trading-strategies/","301","plain"
"/how-to-read-japanese-candlesticks-for-beginners-11-powerful-tips-for-easy-chart-mastery","/category/chart-patterns/","301","plain"
"/what-is-a-forex-trading-plan","/category/beginners-guides-forex-basics/","301","plain"
"/10-powerful-insights-to-avoid-common-mistakes-beginners-make-in-forex","/category/beginners-guides-forex-basics/","301","plain"
"/7-powerful-truths-is-forex-trading-gambling-or-investing","/bb-return-forex-ea-reviews-7-powerful-truths-every-trader-must-know-before-investing/","301","plain"
"/7-powerful-reasons-to-use-what-is-the-1-risk-rule-in-forex","/category/risk-money-management/","301","plain"
"/mastering-forex-trading-psychology-for-beginners-10-powerful-strategies-for-success","/category/trading-psychology/","301","plain"
"/bearish-pennant-pattern-in-downtrend-powerful-trading-guide","/category/chart-patterns/","301","plain"
"/top-10-reasons-the-cup-and-handle-pattern-on-weekly-chart-is-a-powerful-trading-signal-pro-analysis","/category/chart-patterns/","301","plain"
"/three-white-soldiers-candlestick-meaning-the-complete-guide","/category/forex-trading-strategies/","301","plain"
"/bearish-engulfing-at-resistance-level-a-complete-guide-for-traders","/category/chart-patterns/","301","plain"
"/evening-doji-star-reversal-accuracy-how-reliable-is-this-candlestick-pattern","/category/chart-patterns/","301","plain"
"/hanging-man-candlestick-at-all-time-high-ultimate-guide-for-traders","/category/chart-patterns/","301","plain"
"/fibonacci-retracement-61-8-golden-ratio-trades-mastering-the-art-of-precision-trading","/category/technical-analysis/","301","plain"
"/ascending-channel-trading-strategy","/category/technical-analysis/","301","plain"
"/descending-channel-pullback-trades-7-proven-strategies-for-profitable-entries","/category/forex-trading-strategies/forex-swing-trading/","301","plain"
"/50-day-moving-average-crossover-strategy-a-complete-guide-for-traders","/🚀-moving-average-crossover-arrows-indicator-mt5-free-download-powerful-profitable-guide/","301","plain"
"/200-day-moving-average-death-cross-meaning","/category/forex-trading-strategies/","301","plain"
"/ema-8-and-21-crossover-strategy-a-complete-guide-for-traders","/category/technical-analysis/","301","plain"
"/macd-histogram-divergence-trading-a-complete-guide-for-traders","/category/technical-analysis/","301","plain"
"/rsi-divergence-with-price-action-confirmation-7-proven-strategies-for-accurate-trading-signals","/category/technical-analysis/","301","plain"
"/ichimoku-cloud-baseline-crossover-rules-a-complete-guide","/category/forex-trading-strategies/","301","plain"
"/parabolic-sar-trailing-stop-strategy-maximize-your-trading-profits","/category/forex-trading-strategies/","301","plain"
"/vwap-intraday-trading-strategy-proven-techniques-real-examples-for-traders","/category/technical-analysis/","301","plain"
"/top-12-best-candlestick-patterns-for-swing-trading-to-maximize-profits","/category/strategies-best-practices/","301","plain"
"/most-reliable-chart-patterns-12-proven-patterns-every-trader-should-know","/category/chart-patterns/","301","plain"
"/how-to-identify-market-structure-shifts","/category/forex-trading-strategies/","301","plain"
"/trading-pullbacks-to-moving-averages-7-powerful-strategies-for-consistent-profits","/category/technical-analysis/","301","plain"
"/non-farm-payroll-nfp-why-this-key-economic-indicator-moves-markets-dramatically","/category/fundamental-analysis/","301","plain"
"/gdp-report-explained-how-it-impacts-stocks-and-forex","/category/fundamental-analysis/","301","plain"
"/understanding-a-good-gdp-growth-rate-for-the-stock-market","/category/fundamental-analysis/","301","plain"
"/cpi-report-explained-consumer-price-index-for-beginners","/category/forex-trading-strategies/","301","plain"
"/how-to-read-the-economic-calendar-for-beginners","/category/forex-trading-strategies/","301","plain"
"/10-powerful-ways-to-profit-from-middle-east-tensions-in-trading-without-excessive-risk","/category/forex-trading-strategies/","301","plain"
"/what-happens-to-stocks-when-fed-cuts-interest-rates-15-key-market-effects-explained","/category/forex-trading-strategies/","301","plain"
"/how-lagarde-ecb-speech-moves-the-euro-7-powerful-ways-her-words-shake-fx-markets","/category/fundamental-analysis/","301","plain"
"/10-must-know-facts-about-pce-inflation-explained-fed-favorite-gauge","/category/ai-powered-trading-tools/","301","plain"
"/7-powerful-reasons-why-core-pce-matters-more-than-cpi-for-rate-cuts","/category/fundamental-analysis/","301","plain"
"/how-to-trade-boj-interest-rate-decision-yen-pairs-7-powerful-strategies-for-success","/category/forex-trading-strategies/forex-swing-trading/","301","plain"
"/opec-meeting-effect-on-brent-and-wti-oil-prices-11-powerful-insights","/category/fundamental-analysis/","301","plain"
"/how-to-use-economic-calendar-like-a-pro-trader-12-powerful-strategies-for-smarter-market-decisions","/category/fundamental-analysis/","301","plain"
"/us-debt-ceiling-crisis-impact-on-treasury-yields-powerful-insights","/category/fundamental-analysis/","301","plain"
"/7-powerful-ways-how-government-shutdown-affects-the-us-dollar-and-what-investors-should-know","/category/fundamental-analysis/","301","plain"
"/7-powerful-ways-the-trade-war-tariffs-effect-on-sp-500-companies-shapes-market-performance","/category/forex-trading-strategies/","301","plain"
"/7-shocking-facts-about-how-negative-interest-rates-work-japan-europe-example-and-why-it-matters","/category/forex-trading-strategies/","301","plain"
"/top-10-best-fundamental-analysis-strategy-for-swing-trading-powerful-proven-methods-for-reliable-gains","/category/fundamental-analysis/","301","plain"
"/7-powerful-reasons-why-inflation-is-good-for-stocks-in-moderation-invest-smarter-today","/category/fundamental-analysis/","301","plain"
"/how-to-day-trade-stocks-with-small-account-7-powerful-strategies-for-success","/category/forex-trading-strategies/","301","plain"
"/swing-trading-indicators-for-crypto-markets-12-powerful-tools-to-boost-your-win-rate","/category/forex-trading-strategies/forex-swing-trading/","301","plain"
"/carry-trade-explained-with-real-examples-powerful-strategy-revealed","/category/strategies-best-practices/","301","plain"
"/breakout-strategy-using-volume-confirmation-the-ultimate-guide-for-traders","/category/forex-indicator-reviews/","301","plain"
"/10-powerful-reasons-scalping-with-heikin-ashi-candles-can-boost-your-trading-success","/us30-scalping-ea-free-download-powerful-proven-7-step-guide-to-maximize-profits/","301","plain"
"/day-trading-gold-futures-step-by-step-guide","/free-gold-trading-ea-free-download-7-powerful-benefits-smart-setup-guide/","301","plain"
"/grid-trading-in-volatile-forex-pairs-a-comprehensive-guide","/category/strategies-best-practices/","301","plain"
"/turtle-trading-rules-modern-adaptation","/category/forex-indicator-reviews/","301","plain"
"/order-flow-trading-basics-for-retail-traders","/category/forex-indicator-reviews/","301","plain"
"/market-profile-trading-strategies-understanding-the-basics-and-advanced-techniques","/category/forex-indicator-reviews/","301","plain"
"/supply-and-demand-zones-in-price-action-a-key-concept-for-traders","/category/forex-trading-strategies/","301","plain"
"/elliott-wave-theory-practical-application-in-financial-markets","/range-detector-indicator-mt4-mt5-free-download-powerful-7-step-guide-to-smarter-range-trading/","301","plain"
"/harmonic-patterns-trading-guide-understanding-and-applying-key-patterns-for-success","/category/strategies-best-practices/","301","plain"
"/understanding-the-stochastic-oscillator-overbought-and-oversold-conditions","/category/forex-indicator-reviews/","301","plain"
"/understanding-the-parabolic-sar-and-its-role-in-trend-following","/category/forex-trading-strategies/","301","plain"
"/adx-strength-indicator-for-trends-a-comprehensive-guide","/category/forex-indicator-reviews/","301","plain"
"/understanding-commodity-channel-index-cci-signals","/category/forex-indicator-reviews/","301","plain"
"/risk-management-in-scalping-trades","/category/forex-trading-strategies/","301","plain"
"/position-sizing-for-day-trading-accounts-a-comprehensive-guide","/category/forex-trading-strategies/","301","plain"
"/forward-testing-new-trading-systems-a-comprehensive-guide","/category/beginners-guides-forex-basics/","301","plain"
"/automated-trading-with-pine-script-a-comprehensive-guide","/category/ai-powered-trading-tools/","301","plain"
"/api-trading-bots-for-stocks-the-future-of-automated-investing","/🚀-powerful-proven-crypto-trading-indicator-system-mt5-free-download/","301","plain"
"/how-to-trade-using-bollinger-bands-and-keltner-channels-together","/category/forex-trading-strategies/","301","plain"
"/volume-profile-trading-strategy-for-day-trading-stocks","/category/forex-indicator-reviews/","301","plain"
"/order-flow-footprint-chart-vs-volume-profile-understanding-key-differences-in-market-analysis","/category/forex-trading-strategies/forex-scalping/","301","plain"
"/non-martingale-expert-advisor-ea-for-metatrader-5-mt5-with-low-drawdown","/category/forex-ea-reviews/","301","plain"
"/macd-histogram-settings-for-day-trading","/category/forex-indicator-reviews/","301","plain"
"/lagging-span-in-ichimoku-trading-a-key-indicator-for-trend-confirmation","/category/forex-indicator-reviews/","301","plain"
"/fair-value-gap-indicator-for-tradingview-how-to-use-it-without-lag","/category/forex-indicator-reviews/","301","plain"
"/multi-timeframe-rsi-dashboard-for-tradingview-a-comprehensive-guide","/category/forex-indicator-reviews/","301","plain"
"/best-position-sizing-methods-for-beginners-a-guide-to-smart-trading","/category/forex-trading-strategies/","301","plain"
"/how-to-avoid-revenge-trading-after-a-loss","/category/strategies-best-practices/","301","plain"
"/the-psychology-of-revenge-trading-why-traders-revenge-trade","/category/strategies-best-practices/","301","plain"
"/how-to-stop-revenge-trading-forever-a-comprehensive-guide","/category/forex-trading-strategies/","301","plain"
"/greed-and-fear-in-trading-how-to-control-emotions-for-better-decision-making","/category/strategies-best-practices/","301","plain"
"/how-to-set-stop-loss-based-on-atr","/category/risk-money-management/","301","plain"
"/stop-loss-placement-rules-for-swing-trading","/category/forex-trading-strategies/","301","plain"
"/how-to-improve-risk-reward-ratio-in-trading","/category/risk-money-management/","301","plain"
"/the-2-risk-rule-in-trading-explained-with-examples","/category/risk-money-management/","301","plain"
"/position-sizing-based-on-account-size-a-guide-for-traders-and-investors","/category/risk-money-management/","301","plain"
"/why-most-traders-lose-money-the-role-of-psychology","/category/trading-psychology/","301","plain"
"/top-trading-psychology-books-for-beginners-mastering-the-mindset-for-success","/category/forex-trading-strategies/","301","plain"
"/the-psychology-of-cutting-losses-short-understanding-why-we-struggle-and-how-to-overcome-it","/category/trading-psychology/","301","plain"
"/mental-stops-vs-hard-stop-loss-pros-and-cons","/category/trading-psychology/","301","plain"
"/how-to-stick-to-your-stop-loss-psychologically","/category/trading-psychology/","301","plain"
"/how-to-journal-trades-for-maximum-improvement","/category/forex-trading-strategies/","301","plain"
"/trading-psychology-exercises-to-build-discipline","/category/forex-trading-strategies/","301","plain"
"/how-to-accept-losses-in-trading-emotionally-a-guide-to-resilience-and-growth","/category/trading-psychology/","301","plain"
"/overcoming-the-fear-of-missing-out-fomo-in-trading-a-psychological-fix","/category/trading-psychology/","301","plain"
"/how-to-use-volatility-for-stop-loss-placement","/category/forex-indicator-reviews/","301","plain"
"/trading-mindset-shift-from-gambler-to-professional","/category/trading-psychology/","301","plain"
"/the-daily-trading-routine-for-better-psychology","/category/forex-trading-strategies/","301","plain"
"/how-to-set-profit-targets-based-on-risk-reward","/category/beginners-guides-forex-basics/","301","plain"
"/best-eur-usd-trading-strategies-for-beginners","/eur-usd-expert-advisor-ea-overview-free-download-guide/","301","plain"
"/how-to-trade-the-fomc-interest-rate-decision-live-a-step-by-step-guide","/category/fundamental-analysis/","301","plain"
"/ecb-interest-rate-decision-trading-strategy","/category/fundamental-analysis/","301","plain"
"/how-retail-traders-can-use-order-flow-to-improve-trading","/category/forex-trading-strategies/forex-scalping/","301","plain"
"/seasonal-tendencies-in-forex-trading-a-key-to-unlocking-market-patterns","/category/fundamental-analysis/","301","plain"
"/bollinger-band-width-indicator-trading-strategy","/category/forex-trading-strategies/","301","plain"
"/highway-ea-free-download-7-powerful-facts-you-must-know-before-installing","/category/mt4-mt5-expert-advisors/ea-reviews-comparisons/","301","plain"
"/midaz-deo-ea-free-download-7-powerful-facts-you-must-know-before-installing","/category/free-forex-ea/","301","plain"
"/midaz-deo-ea-free-download-7-powerful-truths-you-must-know-before-installing","/category/free-forex-ea/","301","plain"
"/midasama-trader-ea-the-ultimate-powerful-guide-to-7-game-changing-benefits-for-forex-traders","/category/free-forex-ea/","301","plain"
"/integral-ea-free-download-7-powerful-facts-you-must-know-before-installing","/category/mt4-mt5-expert-advisors/ea-reviews-comparisons/","301","plain"
"/fx-splitter-ea-free-download-7-powerful-benefits-hidden-truths-every-trader-must-know","/free-gold-trading-ea-free-download-7-powerful-benefits-smart-setup-guide/","301","plain"
"/bkk-scalper-free-download-7-powerful-facts-traders-must-know-before-installing","/🚀-bitcoin-scalper-ea-free-download-powerful-guide-with-7-shocking-benefits-for-traders/","301","plain"
"/crazyctrader-ea-free-download-7-powerful-truths-you-must-know-before-installing","/category/mt4-mt5-expert-advisors/ea-reviews-comparisons/","301","plain"
"/gold-scalping-forex-robot-free-download-risky-truth-smart-alternatives-9-pro-safety-tips","/category/free-forex-ea/","301","plain"
"/flex-beggar-ea-free-download-7-powerful-facts-you-must-know-before-installing","/category/mt4-mt5-expert-advisors/ea-reviews-comparisons/","301","plain"
"/the-assar-phoenix-elite-robot-free-download-7-powerful-truths-you-must-know-before-installing","/category/mt4-mt5-expert-advisors/ea-reviews-comparisons/","301","plain"
"/xbest-ea-free-download-7-powerful-benefits-safe-installation-guide-for-smart-traders","/best-gold-scalper-ea-for-mt4-mt5-the-only-guide-you-need/","301","plain"
"/tik-capital-mt4-forex-bot-free-download-7-powerful-truths-you-must-know-before-installing","/🚀-apex-day-trading-forex-bot-mt4-free-download-the-ultimate-powerful-guide/","301","plain"
"/market-reversal-ea-free-download-risky-truths-smart-fixes-11-safer-options","/category/free-forex-ea/","301","plain"
"/silent-falcon-ea-free-download-7-powerful-truths-every-trader-must-know","/category/mt4-mt5-expert-advisors/ea-reviews-comparisons/","301","plain"
"/harmonic-zup-v20-forex-indicator-mt4-free-download-the-powerful-but-risky-9-step-guide-to-use-it-safely","/category/free-forex-indicator/","301","plain"
"/fx-fractal-mt4-forex-indicator-free-download-powerful-proven-strategy-guide","/cpr-forex-indicator-for-mt4-free-download-7-powerful-benefits-proven-trading-secrets/","301","plain"
"/triangle-pattern-forex-indicator-for-mt4-free-download-powerful-guide-11-must-know-steps","/basic-harmonic-pattern-indicator-mt4-free-download-7-powerful-benefits-every-trader-must-know/","301","plain"
"/profitunity-bars-forex-indicator-free-download-powerful-guide-to-boosting-trading-success","/category/ai-powered-trading-tools/ai-trading-indicators/","301","plain"
"/grab-candles-short-forex-indicator-free-download-powerful-trading-edge-for-smart-traders","/category/free-forex-indicator/","301","plain"
"/mega-trend-and-trigger-lines-mt4-forex-trading-strategy-free-download-powerful-guide-to-consistent-profits","/best-gold-robot-for-mt4-mt5-ea-7-powerful-picks-for-consistent-trading-profits/","301","plain"
"/mt4-forex-trading-strategy-free-download-7-powerful-profitable-secrets","/top-7-best-free-forex-scalper-ea-for-mt4-download/","301","plain"
"/binary-options-strategy-free-download-7-powerful-proven-methods-for-consistent-profits","/binary-options-signals-indicator-mt4-free-download-powerful-proven-guide/","301","plain"
"/price-action-trend-v2-forex-indicator-mt4-free-download-risky-truth-smart-alternatives-9-safer-steps","/asian-breakout-trading-system-free-download-powerful-7-step-strategy-for-explosive-forex-profits/","301","plain"
"/simple-binary-options-mt4-forex-indicator-free-download-powerful-safe-smart-guide-7-must-know-steps","/binary-options-signals-indicator-mt4-free-download-powerful-proven-guide/","301","plain"
"/rsi-divergence-candles-mt5-forex-indicator-free-download-powerful-2025-trading-tool-for-explosive-profits","/category/free-forex-indicator/","301","plain"
"/auto-fibonacci-indicator-for-mt4-free-download-powerful-guide-9-safe-options","/🚀-mt4-x-speed-forex-indicator-free-download-powerful-proven-guide/","301","plain"
"/winprofit80-binary-options-mt4-indicator-free-download-powerful-proven-guide","/forex-scanner-pro-indicator-system-for-mt4-free-download-ultimate-powerful-guide-setup/","301","plain"
"/qqe-intraday-scalping-free-metatrader-indicator-powerful-guide-11-winning-tips","/cobra-scalper-best-trading-indicator-free-download-7-powerful-reasons-traders-love-it/","301","plain"
"/magnum-scalping-indicator-free-download-safe-smart-and-legit-ways-to-get-started-7-essential-steps","/category/free-forex-indicator/","301","plain"
"/the-big-movement-in-ea-free-download-what-you-need-to-know-2","/category/free-forex-ea/","301","plain"
"/bkk-scalper-free-download-7-powerful-facts-traders-must-know-before-installing-2","/🚀-bitcoin-scalper-ea-free-download-powerful-guide-with-7-shocking-benefits-for-traders/","301","plain"
"/algotradesoft-innovative-ea-free-download-7-powerful-benefits-honest-insights-you-must-know-2","/category/free-forex-ea/","301","plain"
"/tik-capital-mt4-forex-bot-free-download-7-powerful-truths-you-must-know-before-installing-2","/🚀-apex-day-trading-forex-bot-mt4-free-download-the-ultimate-powerful-guide/","301","plain"
"/rsi-on-ma-indicator-free-download-powerful-proven-strategy-guide-2","/category/forex-trading-strategies/","301","plain"
"/forex-breakout-pullback-strategy-using-volume-profile-indicator-free-download-powerful-7-steps-to-a-smarter-safer-edge-2","/category/free-forex-indicator/","301","plain"
"/luna-fx-mt4-trading-indicator-free-download-7-powerful-benefits-proven-setup-guide-2","/🚀-mt4-x-speed-forex-indicator-free-download-powerful-proven-guide/","301","plain"
"/🚀-master-scalping-trading-system-mt4-free-download-ultimate-proven-guide-7-powerful-benefits-2","/🚀-master-scalping-trading-system-mt4-free-download-ultimate-proven-guide-7-powerful-benefits/","301","plain"
"/the-ultimate-guide-to-the-best-forex-brokers-for-expert-advisors","/category/forex-broker-reviews/","301","plain"
"/mt4-expert-advisor-installation-on-mac-guide-ultimate-step-by-step-tutorial","/gold-scalping-expert-advisor-mt4-free-download-powerful-proven-guide-7-winning-secrets/","301","plain"
"/walk-forward-analysis-for-mt4-expert-advisors-10-powerful-insights-for-better-trading-performance","/category/mt4-mt5-expert-advisors/ea-settings-optimization/","301","plain"
"/mt4-common-error-no-connection-fix-9-powerful-ways-to-solve-the-issue-fast","/category/mt4-mt5-expert-advisors/","301","plain"
"/7-powerful-steps-to-remove-mt4-expert-advisor-safely","/gold-scalping-expert-advisor-mt4-free-download-powerful-proven-guide-7-winning-secrets/","301","plain"
"/10-powerful-ways-to-manage-multiple-eas-on-one-account-tips-effectively","/category/installation-setup/","301","plain"
"/mt4-vps-setup-for-24-7-automated-trading-best-step-guide-for-reliable-non-stop-performance","/category/installation-setup/","301","plain"
"/17-point-powerful-vps-security-checklist-for-running-forex-robots-essential-protection-guide","/category/mt4-mt5-expert-advisors/","301","plain"
"/the-pros-and-cons-of-martingale-mt4-expert-advisors-a-comprehensive-guide","/usdjpy-safe-expert-advisor-free-download-7-powerful-benefits-smart-setup-guide/","301","plain"
"/10-best-mt4-brokers-for-ea-trading-low-spread","/gold-hitter-ea-mt4-free-download-powerful-2026-guide-to-safe-setup-profitable-trading/","301","plain"
"/best-us-regulated-brokers-for-mt4-trading-bots-top-choices-for-safe-automated-trading","/category/ai-powered-trading-tools/","301","plain"
"/powerful-ways-to-how-to-debug-mql4-code-in-mt4-expert-advisors-step-by-step-guide","/category/mt4-mt5-expert-advisors/ea-development-mql4-mql5/","301","plain"
"/understanding-event-driven-programming-on-tick-in-expert-advisor","/category/mt4-mt5-expert-advisors/ea-development-mql4-mql5/","301","plain"
"/what-is-a-pip-in-forex-with-simple-examples-the-ultimate-beginners-guide","/category/installation-setup/","301","plain"
"/fibonacci-retracement-levels-for-forex-entries-11-powerful-strategies-for-better-trading-decisions","/category/installation-setup/","301","plain"
"/12-powerful-ways-the-volume-profile-indicator-for-forex-boosts-trading-accuracy","/best-volume-profile-indicator-for-tradingview-free/","301","plain"
"/7-powerful-reasons-to-use-a-position-sizing-calculator-for-forex-traders","/category/installation-setup/","301","plain"
"/12-powerful-insights-to-understand-leverage-risks-in-forex-trading-explained","/category/installation-setup/","301","plain"
"/long-term-forex-investment-strategies","/category/forex-trading-strategies/","301","plain"
"/low-cost-fixed-spreads-explained-for-forex-trading-newbies-7-powerful-things-you-must-know","/category/installation-setup/","301","plain"
"/gold-trading-without-emotional-drama-11-proven-strategies-for-calm-profitable-decisions","/category/gold-xauusd-trading/","301","plain"
"/9-proven-techniques-for-the-best-stop-loss-placement-in-volatile-markets-powerful-guide","/category/installation-setup/","301","plain"
"/beginners-guide-to-forex-prop-firms-11-proven-insights-for-smart-trading-success","/category/ai-powered-trading-tools/brokers-trading-platforms/","301","plain"
"/top-10-powerful-insights-about-elder-impulse-system-ea-green-red-bar-signals-for-smarter-trading","/category/installation-setup/","301","plain"
"/7-powerful-ways-the-free-twiggs-money-flow-indicator-choppy-market-filter-can-improve-trading-results","/category/installation-setup/","301","plain"
"/10-powerful-tips-to-avoid-the-most-common-mistakes-to-avoid-in-beginner-forex-trading","/category/installation-setup/","301","plain"
"/10-powerful-facts-about-what-are-major-currency-pairs-in-forex-for-starters-beginners-guide","/category/forex-trading-strategies/","301","plain"
"/10-powerful-ways-to-avoid-overtrading-in-forex-as-a-newbie","/category/installation-setup/","301","plain"
"/beginner-tips-for-trading-news-events-in-forex-10-powerful-strategies-for-success","/category/forex-trading-strategies/forex-scalping/","301","plain"
"/7-powerful-ways-on-how-to-trade-breakouts-in-forex-without-experience-beginner-friendly-guide","/category/forex-trading-strategies/","301","plain"
"/what-are-exotic-currency-pairs-in-forex-trading-11-powerful-insights-for-traders","/category/installation-setup/","301","plain"
"/how-to-backtest-a-forex-strategy-manually-for-free-proven-methods-simple-steps","/category/installation-setup/","301","plain"
"/free-forex-ebooks-for-learning-basics-quickly-powerful-guide-for-beginners","/category/installation-setup/","301","plain"
"/beginner-tips-for-avoiding-revenge-trading-in-forex-15-powerful-strategies-for-safer-trading","/category/installation-setup/","301","plain"
"/what-is-a-hedging-strategy-in-forex-trading-7-powerful-insights-to-reduce-risk-now","/category/installation-setup/","301","plain"
"/how-to-avoid-common-forex-scam-signals-powerful-guide-to-stay-safe","/category/ai-powered-trading-tools/brokers-trading-platforms/","301","plain"
"/top-10-powerful-insights-for-a-simple-stochastic-oscillator-strategy-for-forex","/category/installation-setup/","301","plain"
"/how-to-use-volume-indicators-in-forex-charts-powerful-guide-for-traders","/category/forex-trading-strategies/","301","plain"
"/7-powerful-insights-on-the-best-time-frames-for-day-trading-forex-pairs","/🚀-apex-day-trading-forex-bot-mt4-free-download-the-ultimate-powerful-guide/","301","plain"
"/10-powerful-insights-fundamental-analysis-basics-for-forex-traders-essential-guide","/the-10-best-sentiment-analysis-tools-for-forex-traders-a-comprehensive-guide/","301","plain"
"/10-powerful-steps-on-how-to-backtest-forex-strategies-manually-for-reliable-trading-results","/category/forex-trading-strategies/","301","plain"
"/10-powerful-economic-calendar-tips-for-forex-traders-boost-results-fast","/category/fundamental-analysis/","301","plain"
"/10-best-forex-trading-apps-for-android-beginners-ultimate-guide-expert-picks","/category/ai-powered-trading-tools/","301","plain"
"/how-gdp-affects-currency-pairs-in-trading","/category/fundamental-analysis/","301","plain"
"/top-10-ecb-announcements-and-euro-trading-tips-to-boost-your-forex-strategy","/category/forex-trading-strategies/","301","plain"
"/how-to-hedge-positions-in-forex-trading-7-powerful-strategies-for-risk-management","/category/forex-trading-strategies/","301","plain"
"/volume-analysis-for-forex-confirmation","/category/technical-analysis/","301","plain"
"/ichimoku-cloud-strategy-for-trend-trading","/category/technical-analysis/","301","plain"
"/gann-angles-for-forex-price-prediction","/category/technical-analysis/","301","plain"
"/how-to-review-trades-for-improvement-the-ultimate-guide","/category/beginners-guides-forex-basics/","301","plain"
"/emotional-control-techniques-in-forex","/category/strategies-best-practices/","301","plain"
"/trailing-stop-methods-for-forex-a-complete-guide","/category/beginners-guides-forex-basics/","301","plain"
"/major-pairs-vs-minor-pairs-differences","/category/forex-trading-strategies/forex-swing-trading/","301","plain"
"/cross-currency-pairs-trading-guide-expert-strategies-and-insights","/category/strategies-best-practices/","301","plain"
"/how-to-predict-forex-trends-accurately-17-powerful-strategies-for-traders","/category/strategies-best-practices/","301","plain"
"/15-powerful-ways-to-use-vix-for-forex-volatility-proven-strategies-included","/category/strategies-best-practices/","301","plain"
"/7-powerful-gold-trading-strategies-alongside-forex-for-massive-success","/free-gold-trading-ea-free-download-7-powerful-benefits-smart-setup-guide/","301","plain"
"/bottom-up-approach-in-trading-setups-powerful-insights-for-better-market-decisions","/category/forex-trading-strategies/","301","plain"
"/10-powerful-strategies-for-effective-burnout-prevention-in-trading","/category/forex-trading-strategies/","301","plain"
"/complete-guide-on-how-to-scale-prop-firm-accounts-without-blowing-your-funding","/category/prop-firm-reviews/","301","plain"
"/top-10-powerful-team-trading-prop-firm-options-for-modern-traders","/gold-prop-firm-robot-free-download-7-powerful-secrets-to-maximize-funded-trading-success/","301","plain"
"/list-of-major-minor-and-exotic-currency-pairs-the-ultimate-guide","/category/beginners-guides-forex-basics/","301","plain"
"/margin-call-in-forex-explained-simply-the-ultimate-guide","/category/beginners-guides-forex-basics/","301","plain"
"/what-is-slippage-in-forex-trading-powerful-guide-to-understanding-avoiding-managing-it","/category/beginners-guides-forex-basics/","301","plain"
"/what-is-hedging-in-forex-powerful-guide-with-benefits-strategies-examples","/category/forex-trading-strategies/","301","plain"
"/what-is-support-and-resistance-in-forex-powerful-guide-for-traders","/category/chart-patterns/","301","plain"
"/morning-star-candlestick-pattern-confirmation-a-complete-guide","/category/chart-patterns/","301","plain"
"/gravestone-doji-after-strong-uptrend-a-complete-guide-for-traders","/category/chart-patterns/","301","plain"
"/psychological-support-and-resistance-levels","/category/technical-analysis/","301","plain"
"/pivot-point-support-resistance-trading-strategy-mastering-key-market-levels","/category/technical-analysis/","301","plain"
"/bollinger-bands-squeeze-breakout-strategy-ultimate-guide","/category/forex-trading-strategies/","301","plain"
"/how-do-interest-rates-affect-stock-market-beginners","/category/fundamental-analysis/","301","plain"
"/how-does-inflation-affect-stock-market-returns-long-term","/category/forex-trading-strategies/","301","plain"
"/how-to-trade-cpi-report-forex-and-stocks","/category/fundamental-analysis/","301","plain"
"/how-central-bank-interest-rate-hikes-affect-gold-prices","/category/gold-xauusd-trading/","301","plain"
"/ecb-interest-rate-decision-today-explained","/category/forex-trading-strategies/","301","plain"
"/bank-of-england-interest-rate-decision-impact-on-gbp","/category/fundamental-analysis/","301","plain"
"/most-important-economic-news-to-trade-every-month","/category/fundamental-analysis/","301","plain"
"/7-best-powerful-ways-to-how-to-predict-gdp-revisions-before-the-report","/category/forex-trading-strategies/","301","plain"
"/rba-interest-rate-decision-explained-for-aud-traders-powerful-insights-for-smarter-market-moves","/category/fundamental-analysis/","301","plain"
"/how-china-gdp-affects-australian-dollar-and-commodities-7-powerful-insights-positive-negative","/category/fundamental-analysis/","301","plain"
"/7-powerful-insights-fomc-minutes-explained-word-by-word-analysis-for-everyday-readers","/category/fundamental-analysis/","301","plain"
"/avoiding-false-signals-in-breakout-trading","/category/forex-indicator-reviews/","301","plain"
"/understanding-macd-crossover-signals-for-swing-trades","/category/forex-trading-strategies/forex-swing-trading/","301","plain"
"/fibonacci-retracement-levels-for-entries-a-comprehensive-guide","/category/forex-indicator-reviews/","301","plain"
"/vyper-trading-system-overview","/category/forex-indicator-reviews/","301","plain"
"/keltner-channel-mean-reversion-a-comprehensive-guide","/category/forex-indicator-reviews/","301","plain"
"/williams-percent-r-momentum-trades-a-guide-to-using-this-indicator-for-active-trading","/range-detector-indicator-mt4-mt5-free-download-powerful-7-step-guide-to-smarter-range-trading/","301","plain"
"/atr-based-stop-loss-placement-a-smart-risk-management-strategy","/category/forex-indicator-reviews/","301","plain"
"/backtesting-trading-strategies-with-python","/category/ai-powered-trading-tools/","301","plain"
"/bollinger-bands-squeeze-strategy-with-rsi-confirmation","/category/forex-trading-strategies/","301","plain"
"/smart-money-concepts-indicator-pack-review","/category/ai-powered-trading-tools/ai-trading-indicators/","301","plain"
"/how-to-backtest-custom-indicators-in-tradingview","/best-free-alternatives-to-tradingview-for-custom-indicators/","301","plain"
"/kelly-criterion-position-sizing-explained","/category/risk-money-management/","301","plain"
"/overcoming-the-fear-of-pulling-the-trigger-in-trading-a-guide-to-building-confidence","/category/forex-trading-strategies/","301","plain"
"/where-to-place-stop-loss-in-trending-market","/category/forex-trading-strategies/","301","plain"
"/how-to-trade-without-emotions-mastering-emotional-control-in-the-markets","/category/forex-trading-strategies/","301","plain"
"/position-sizing-for-options-trading-a-beginners-guide","/category/beginners-guides-forex-basics/","301","plain"
"/how-to-recover-psychologically-after-blowing-account","/category/forex-trading-strategies/","301","plain"
"/why-traders-remove-stop-losses-at-the-worst-time","/category/trading-psychology/","301","plain"
"/how-to-trade-nfp-without-getting-stopped-out","/category/fundamental-analysis/","301","plain"
"/how-to-pass-fundednext-challenge-in-one-week","/category/forex-trading-strategies/","301","plain"
"/da-vinci-pro-ea-free-download-7-powerful-truths-you-must-know-before-installing","/category/free-forex-ea/","301","plain"
"/force-dragon-ea-free-download-powerful-guide-to-features-risks-smart-alternatives","/category/free-forex-ea/","301","plain"
"/profitlocker-ea-free-download-7-powerful-facts-every-trader-must-know-before-installing","/category/free-forex-ea/","301","plain"
"/double-extreme-ea-free-download-7-powerful-facts-you-must-know-before-installing","/category/mt4-mt5-expert-advisors/ea-reviews-comparisons/","301","plain"
"/pfx-forex-scalper-ea-free-download-7-powerful-truths-you-must-know-before-installing","/top-7-best-free-forex-scalper-ea-for-mt4-download/","301","plain"
"/multihedge-v1-ea-free-download-the-ultimate-safe-guide-with-7-powerful-insights","/category/mt4-mt5-expert-advisors/ea-reviews-comparisons/","301","plain"
"/daxbot-forex-ea-free-download-7-powerful-truths-you-must-know-before-installing","/volumehedger-forex-ea-reviews-7-powerful-truths-every-trader-must-know/","301","plain"
"/rmi-ea-free-download-powerful-guide-to-safe-smart-access","/advanced-hedge-ea-free-download-powerful-2026-guide-to-safe-smart-access/","301","plain"
"/thunderbird-ea-7-powerful-benefits-hidden-truths-every-trader-must-know","/category/mt4-mt5-expert-advisors/ea-reviews-comparisons/","301","plain"
"/hyperboloid-multi-ea-free-download-powerful-7-step-guide-to-safe-smart-access","/advanced-hedge-ea-free-download-powerful-2026-guide-to-safe-smart-access/","301","plain"
"/fx-correlation-ea-free-download-7-powerful-facts-you-must-know-before-installing","/category/free-forex-ea/","301","plain"
"/impulse-market-v3-ea-free-download-7-powerful-facts-you-must-know-before-installing","/category/mt4-mt5-expert-advisors/ea-reviews-comparisons/","301","plain"
"/th3eng-forex-free-download-7-powerful-facts-you-must-know-before-installing","/volumehedger-forex-ea-reviews-7-powerful-truths-every-trader-must-know/","301","plain"
"/theorem-ea-free-download-7-powerful-facts-you-must-know-before-installing","/choppa-ea-free-download-7-powerful-truths-you-must-know-before-installing/","301","plain"
"/th3eng-forex-free-download-7-powerful-facts-you-must-know-before-installing-2","/volumehedger-forex-ea-reviews-7-powerful-truths-every-trader-must-know/","301","plain"
"/jacaranda-ea-free-download-7-powerful-benefits-setup-guide-honest-review","/free-gold-trading-ea-free-download-7-powerful-benefits-smart-setup-guide/","301","plain"
"/crownprincefx-ea-free-download-the-ultimate-beginner-to-pro-guide","/category/mt4-mt5-expert-advisors/","301","plain"
"/darkslide-v7-ea-free-download-powerful-secrets-7-must-know-facts-before-you-install","/category/mt4-mt5-expert-advisors/ea-reviews-comparisons/","301","plain"
"/acrobat-fx-2-ea-free-download-7-powerful-facts-you-must-know-before-installing","/category/mt4-mt5-expert-advisors/ea-reviews-comparisons/","301","plain"
"/nuclear-profit-ea-free-download-7-powerful-truths-you-must-know-before-installing","/category/free-forex-ea/","301","plain"
"/blazar-ea-free-download-7-powerful-facts-you-must-know-before-installing","/category/free-forex-ea/","301","plain"
"/mario-doo-ea-free-download-7-powerful-truths-you-must-know-before-downloading","/category/free-forex-ea/","301","plain"
"/orbit-rage-final-ea-free-download-7-powerful-facts-you-must-know-before-installing","/category/mt4-mt5-expert-advisors/ea-reviews-comparisons/","301","plain"
"/forex-incontrol-reborn-ea-free-download-powerful-truth-about-this-automated-trading-system","/category/mt4-mt5-expert-advisors/ea-reviews-comparisons/","301","plain"
"/promax-gold-ea-free-download-powerful-secrets-7-proven-facts-you-must-know","/free-gold-trading-ea-free-download-7-powerful-benefits-smart-setup-guide/","301","plain"
"/barclays-ea-free-download-7-powerful-facts-you-must-know-before-installing","/category/mt4-mt5-expert-advisors/ea-reviews-comparisons/","301","plain"
"/silver-moon-ea-free-download-7-powerful-truths-you-must-know-before-installing","/category/mt4-mt5-expert-advisors/","301","plain"
"/masterscalper-pro-ea-free-download-the-shocking-truth-7-powerful-facts-you-must-know","/category/free-forex-ea/","301","plain"
"/hybrid-trader-indicator-free-download-powerful-proven-guide","/category/free-forex-ea/","301","plain"
"/cobra-adrenaline-ea-free-download-powerful-guide-with-7-smart-facts-you-must-know","/category/mt4-mt5-expert-advisors/ea-reviews-comparisons/","301","plain"
"/mesh-forex-trading-advisor-free-download-powerful-secrets-7-smart-benefits-for-traders","/cpr-forex-indicator-for-mt4-free-download-7-powerful-benefits-proven-trading-secrets/","301","plain"
"/powerful-proven-guide-7-shocking-truths-about-us500-auto-trading-robot-free-download","/mft-trading-robot-mt4-free-download-7-powerful-facts-you-must-know-before-installing/","301","plain"
"/is-black-forex-robot-free-download-7-powerful-truths-you-must-know-before-you-install-it","/category/free-forex-ea/","301","plain"
"/forex-trade-copier-free-download-7-powerful-benefits-you-must-know-before-installing","/category/mt4-mt5-expert-advisors/","301","plain"
"/impact-scalpx-mt4-ea-free-download-powerful-proven-guide-7-critical-facts-you-must-know","/category/mt4-mt5-expert-advisors/ea-reviews-comparisons/","301","plain"
"/shreder-mt4-forex-ea-free-download-7-powerful-benefits-safe-setup-guide","/cpr-forex-indicator-for-mt4-free-download-7-powerful-benefits-proven-trading-secrets/","301","plain"
"/la-gold-ea-free-download-7-powerful-benefits-smart-trading-secrets","/free-gold-trading-ea-free-download-7-powerful-benefits-smart-setup-guide/","301","plain"
"/probe-scalper-free-download-7-powerful-truths-you-must-know-before-installing","/🚀-bitcoin-scalper-ea-free-download-powerful-guide-with-7-shocking-benefits-for-traders/","301","plain"
"/gold-sand-free-download-7-powerful-safe-ways-to-access-it-today","/category/ai-powered-trading-tools/","301","plain"
"/multi-currency-automated-free-download-7-powerful-benefits-you-cant-ignore","/🏆-best-currency-strength-meter-indicator-free-download-powerful-proven-picks/","301","plain"
"/dead-zone-scalper-ea-free-download-7-powerful-facts-every-trader-must-know","/category/mt4-mt5-expert-advisors/ea-reviews-comparisons/","301","plain"
"/ai-powered-forex-free-download-7-powerful-benefits-smart-ways-to-get-started-safely","/cpr-forex-indicator-for-mt4-free-download-7-powerful-benefits-proven-trading-secrets/","301","plain"
"/rollover-miracle-greedy-ea-free-download-7-powerful-truths-you-must-know-before-installing","/category/mt4-mt5-expert-advisors/ea-reviews-comparisons/","301","plain"
"/silverfox-forex-ea-free-download-7-powerful-facts-you-must-know-before-installing","/volumehedger-forex-ea-reviews-7-powerful-truths-every-trader-must-know/","301","plain"
"/pioneer-eu-free-download-7-powerful-legal-ways-to-access-it-safely","/category/ai-powered-trading-tools/","301","plain"
"/srf-pro-ea-free-download-7-powerful-facts-you-must-know-before-installing","/category/free-forex-ea/","301","plain"
"/ftmo-prop-free-download-7-powerful-truths-every-trader-must-know-before-you-click","/category/free-forex-ea/","301","plain"
"/greezly-bot-pro-ea-free-download-7-powerful-truths-you-must-know-before-installing","/category/mt4-mt5-expert-advisors/ea-reviews-comparisons/","301","plain"
"/gap-sniffer-pro-forex-ea-free-download-7-powerful-facts-you-must-know-before-installing","/mft-trading-robot-mt4-free-download-7-powerful-facts-you-must-know-before-installing/","301","plain"
"/firestorm-scalper-ea-v5-free-download-7-powerful-truths-you-must-know-before-installing","/🚀-bitcoin-scalper-ea-free-download-powerful-guide-with-7-shocking-benefits-for-traders/","301","plain"
"/marysue-scalping-bot-what-you-should-know-before-downloading","/category/free-forex-ea/","301","plain"
"/customizable-expert-free-download-7-powerful-benefits-you-cant-ignore","/dark-mimas-highly-customizable-ea-mt4-mt5-free-download-7-powerful-features-every-trader-must-know/","301","plain"
"/mad-max-forex-robot-mt4-free-download-7-powerful-truths-you-must-know-before-installing","/top-7-best-free-forex-scalper-ea-for-mt4-download/","301","plain"
"/forex-multi-currency-robot-free-download-7-powerful-truths-you-must-know-before-installing","/category/mt4-mt5-expert-advisors/ea-reviews-comparisons/","301","plain"
"/invictus-gold-robot-free-download-7-powerful-truths-you-must-know-before-installing","/xauusd-trading-robot-free-download-7-powerful-secrets-to-maximize-gold-profits-safely/","301","plain"
"/seo-title-vantafx-ea-mt4-free-download-powerful-7-step-guide-to-safe-smart-installation","/best-scalper-ea-mt4-free-download-powerful-proven-guide/","301","plain"
"/trendmaster-fx-ea-free-download-7-powerful-benefits-and-smart-setup-guide","/category/free-forex-ea/","301","plain"
"/is-lime-ea-free-download-7-powerful-truths-you-must-know-before-installing","/category/mt4-mt5-expert-advisors/ea-reviews-comparisons/","301","plain"
"/quake-sm-forex-and-binary-system-free-download-the-ultimate-guide-to-powerful-trading-success","/category/free-forex-ea/","301","plain"
"/corrective-trend-ea-free-download-7-powerful-benefits-every-trader-must-know","/📈-gold-trend-mt4-indicator-free-download-7-powerful-benefits-every-trader-must-know/","301","plain"
"/neurotron-ea-mt4-free-download-7-powerful-benefits-smart-setup-guide","/best-scalper-ea-mt4-free-download-powerful-proven-guide/","301","plain"
"/freedom-multi-strategy-ea-free-download-7-powerful-benefits-every-trader-must-know","/category/free-forex-ea/","301","plain"
"/weekend-trader-forex-robot-free-download-powerful-7-step-guide-to-smarter-automated-trading","/super-arrow-mt4-forex-indicator-free-download-powerful-7-step-guide-to-smarter-trading/","301","plain"
"/dark-scalping-mt4-ea-free-download-7-powerful-secrets-every-trader-must-know","/us30-scalping-ea-free-download-powerful-proven-7-step-guide-to-maximize-profits/","301","plain"
"/forex-insider-mt4-ea-free-download-powerful-secrets-7-proven-benefits","/cpr-forex-indicator-for-mt4-free-download-7-powerful-benefits-proven-trading-secrets/","301","plain"
"/cybervision-neural-network-ea-free-download-powerful-7-step-guide-to-smarter-forex-trading","/super-arrow-mt4-forex-indicator-free-download-powerful-7-step-guide-to-smarter-trading/","301","plain"
"/up-down-ea-free-download-7-powerful-benefits-honest-insights-before-you-install","/category/free-forex-ea/","301","plain"
"/cryo-scalper-free-download-7-powerful-truths-you-must-know-before-installing","/cryo-scalper-indicator-free-download-powerful-guide-to-boost-your-trading-profits-fast/","301","plain"
"/naragot-portfolio-mt4-multi-currency-ea-free-download-powerful-guide-to-smart-automated-trading","/category/free-forex-ea/","301","plain"
"/morning-breakout-ea-free-download-the-ultimate-profitable-guide-7-powerful-benefits-revealed","/category/free-forex-ea/","301","plain"
"/alpha-gold-mt4-robot-v5-free-download-powerful-proven-guide-with-7-essential-insights","/gold-hitter-ea-mt4-free-download-powerful-2026-guide-to-safe-setup-profitable-trading/","301","plain"
"/🚀-axis-multicurrency-ea-free-download-powerful-profitable-forex-automation-guide","/eagle-scalper-best-forex-indicator-free-download-powerful-proven-profitable-strategy-guide/","301","plain"
"/corex-g-ea-free-download-powerful-7-step-guide-to-safe-smart-access","/advanced-hedge-ea-free-download-powerful-2026-guide-to-safe-smart-access/","301","plain"
"/swmax-ea-gold-free-download-7-powerful-truths-you-must-know-before-installing","/gold-cycle-trader-ea-free-download-7-powerful-secrets-smart-traders-must-know/","301","plain"
"/mustang-eurusd-bot-free-download-powerful-guide-to-safe-smart-forex-automation","/sigma-bot-forex-ea-reviews-powerful-insights-honest-analysis-7-must-know-facts/","301","plain"
"/trend-scalp-free-forex-ea-download-7-powerful-truths-you-must-know-before-installing","/category/free-forex-ea/","301","plain"
"/gold-rain-mt4-gold-ea-free-download-powerful-guide-to-profitable-gold-trading","/gold-hitter-ea-mt4-free-download-powerful-2026-guide-to-safe-setup-profitable-trading/","301","plain"
"/forex-real-profit-ea-frpea-free-download-7-shocking-truths-every-trader-must-know-before-installing","/category/mt4-mt5-expert-advisors/ea-reviews-comparisons/","301","plain"
"/forex-liquidity-and-market-sentiment-indicator-free-download-powerful-7-step-guide-to-smarter-trading","/forex-millionaire-indicator-free-download-7-powerful-truths-you-must-know-before-installing/","301","plain"
"/📈-smart-money-order-block-forex-strategy-free-indicator-powerful-2026-guide-7-pro-secrets","/ultimate-pro-scalper-forex-indicator-free-download-7-powerful-secrets-every-trader-must-know/","301","plain"
"/forex-range-trading-strategy-free-range-detector-indicator-ultimate-power-guide-7-proven-steps","/range-detector-indicator-mt4-mt5-free-download-powerful-7-step-guide-to-smarter-range-trading/","301","plain"
"/fractal-support-and-resistance-indicator-mt4-free-download-powerful-trading-tool-for-smarter-forex-profits","/super-arrow-mt4-forex-indicator-free-download-powerful-7-step-guide-to-smarter-trading/","301","plain"
"/forex-range-trading-strategy-free-download-powerful-7-step-blueprint-for-consistent-profits","/category/forex-trading-strategies/","301","plain"
"/range-detector-indicator-free-download-powerful-proven-guide-to-master-sideways-markets","/category/free-forex-indicator/","301","plain"
"/triple-top-bottom-patterns-forex-indicator-for-mt4-free-download-powerful-guide-to-boost-your-trading-success","/📈-pro-trend-line-indicator-free-download-7-powerful-benefits-every-trader-must-know/","301","plain"
"/how-to-trade-forex-trends-like-a-pro-best-free-trend-indicator-ultimate-proven-guide-7-steps","/category/forex-trading-strategies/","301","plain"
"/cypher-pattern-forex-indicator-free-download-ultimate-guide-7-steps-to-trade-smarter","/forex-smc-indicator-for-mt4-free-download-powerful-7-step-guide-to-install-trade-smarter/","301","plain"
"/ict-kill-zones-indicator-mt4-mt5-free-download-powerful-proven-trading-tool-for-smart-entries","/ict-kill-zones-indicator-mt4-mt5-free-download-powerful-proven-2025-trading-edge/","301","plain"
"/breaker-blocks-indicator-free-download-powerful-proven-guide-to-smarter-trading","/nexus-6-0-binary-indicator-free-download-powerful-proven-trading-tool-guide/","301","plain"
"/woodies-cci-arrows-oscillator-forex-indicator-free-download-7-powerful-benefits-every-trader-must-know","/category/ai-powered-trading-tools/ai-trading-indicators/","301","plain"
"/📊-forex-arbitrage-scanner-indicator-powerful-free-download-guide-for-smart-traders","/forex-scanner-pro-indicator-system-for-mt4-free-download-ultimate-powerful-guide-setup/","301","plain"
"/new-legacy-trader-forex-indicator-free-download-the-ultimate-powerful-guide","/forex-millionaire-indicator-free-download-7-powerful-truths-you-must-know-before-installing/","301","plain"
"/mastering-the-market-with-the-camarilla-forex-indicator-free-download-7-powerful-trading-secrets","/range-detector-indicator-mt4-mt5-free-download-powerful-7-step-guide-to-smarter-range-trading/","301","plain"
"/the-drawing-toolbox-forex-indicator-free-download-7-powerful-benefits-every-trader-must-know","/forex-millionaire-indicator-free-download-7-powerful-truths-you-must-know-before-installing/","301","plain"
"/xq-forex-indicator-free-download-9-powerful-truths-smart-safety-tips","/eagle-scalper-best-forex-indicator-free-download-powerful-proven-profitable-strategy-guide/","301","plain"
"/exit-and-fisher-no-repainting-mt4-forex-strategy-free-download-powerful-trading-guide-for-consistent-profits","/best-gold-robot-for-mt4-mt5-ea-7-powerful-picks-for-consistent-trading-profits/","301","plain"
"/mt4-forex-trading-strategy-free-download-7-powerful-proven-systems-for-consistent-profits","/cpr-forex-indicator-for-mt4-free-download-7-powerful-benefits-proven-trading-secrets/","301","plain"
"/5-best-indicators-for-your-trading-free-download-powerful-tools-to-boost-profits-fast","/category/free-forex-indicator/","301","plain"
"/📊-fx-support-and-resistance-forex-indicator-free-download-powerful-proven-trading-edge","/forex-scanner-pro-indicator-system-for-mt4-free-download-ultimate-powerful-guide-setup/","301","plain"
"/price-action-indicator-atomic-analyst-free-download-7-powerful-reasons-traders-love-it","/asian-breakout-trading-system-free-download-powerful-7-step-strategy-for-explosive-forex-profits/","301","plain"
"/weis-wave-indicator-free-download-7-powerful-secrets-every-trader-must-know","/category/free-forex-indicator/","301","plain"
"/what-are-technical-indicator-7-powerful-tools-every-trader-should-master","/top-10-best-mt4-indicators-for-gold-xauusd-powerful-tools-for-accurate-trading/","301","plain"
"/ma2-signal-mt4-indicator-free-download-powerful-guide-17-proven-steps","/🚀-mt4-x-speed-forex-indicator-free-download-powerful-proven-guide/","301","plain"
"/aliev-fx-volumes-mt4-indicator-free-download-powerful-7-step-guide-to-smarter-volume-trading","/super-arrow-mt4-forex-indicator-free-download-powerful-7-step-guide-to-smarter-trading/","301","plain"
"/trend-reversal-strategy-free-download-7-powerful-secrets-to-maximize-trading-profits","/category/free-forex-indicator/","301","plain"
"/stix-indicator-mt4-free-download-powerful-guide-9-step-setup","/🚀-mt4-x-speed-forex-indicator-free-download-powerful-proven-guide/","301","plain"
"/enhancing-forex-strategies-with-market-profile-trendlines-mt4-indicator-powerful-practical-and-profitable-17-step-guide","/category/free-forex-indicator/","301","plain"
"/triple-confirmation-mt5-forex-strategy-free-download-7-powerful-secrets-to-smarter-trading","/super-arrow-mt4-forex-indicator-free-download-powerful-7-step-guide-to-smarter-trading/","301","plain"
"/7-proven-ways-to-use-bbr-rsi-oversold-overbought-forex-indicator-mt4-free-download-for-smarter-entries","/📈-pro-trend-line-indicator-free-download-7-powerful-benefits-every-trader-must-know/","301","plain"
"/xmaster-formula-indicator-mt4-free-download-7-safe-powerful-steps-to-avoid-bad-files","/category/free-forex-indicator/","301","plain"
"/vertex-arrows-killer-forex-indicator-mt4-free-download-risky-truth-powerful-setup-9-safety-steps","/forex-order-manager-trade-panel-for-mt4-free-download-powerful-7-benefits-every-trader-must-know/","301","plain"
"/📊-money-management-forex-indicator-mt5-free-download-7-powerful-benefits-for-smart-risk-control","/category/forex-trading-strategies/","301","plain"
"/c-15-trader-trading-system-free-download-shocking-truth-9-safe-options-you-can-use-today","/🚀-forexhub-system-for-mt4-free-download-powerful-2026-guide-with-proven-setup-tips/","301","plain"
"/unlocking-the-secrets-of-stochastic-momentum-index-powerful-7-step-guide-for-smarter-trading","/category/free-forex-indicator/","301","plain"
"/fxc-elliott-wave-forex-indicator-mt4-free-download-ultimate-powerful-guide-7-proven-trading-benefits","/eagle-scalper-best-forex-indicator-free-download-powerful-proven-profitable-strategy-guide/","301","plain"
"/unleash-the-power-of-the-royalprince-fibonacci-indicator-free-download-7-powerful-benefits-every-trader-must-know","/📈-pro-trend-line-indicator-free-download-7-powerful-benefits-every-trader-must-know/","301","plain"
"/ultimate-pro-forex-scalping-system-free-download-risky-truths-smart-alternatives-7-safer-steps","/category/free-forex-indicator/","301","plain"
"/sideways-detector-mt4-forex-indicator-free-download-powerful-guide-9-safe-tips","/forex-scanner-pro-indicator-system-for-mt4-free-download-ultimate-powerful-guide-setup/","301","plain"
"/📊-market-profile-trendlines-mt4-forex-indicator-free-download-powerful-proven-tool-for-precision-trading","/cpr-forex-indicator-for-mt4-free-download-7-powerful-benefits-proven-trading-secrets/","301","plain"
"/cluster-trader-forex-indicator-system-free-download-the-ultimate-powerful-guide","/forex-scanner-pro-indicator-system-for-mt4-free-download-ultimate-powerful-guide-setup/","301","plain"
"/📈-linear-regression-sketcher-forex-indicator-powerful-free-trading-tool","/cobra-scalper-best-trading-indicator-free-download-7-powerful-reasons-traders-love-it/","301","plain"
"/mega-pips-free-trading-system-download-shocking-truth-11-safe-steps","/category/forex-trading-strategies/","301","plain"
"/triple-threat-forex-trading-strategy-the-powerful-negative-truth-7-step-breakthrough-blueprint","/category/free-forex-indicator/","301","plain"
"/one-forex-strategy-free-download-7-powerful-secrets-for-consistent-trading-success","/category/free-forex-indicator/","301","plain"
"/fractal-adaptive-moving-average-forex-indicator-mt4-free-download-powerful-and-risky-9-step-guide","/🚀-moving-average-crossover-arrows-indicator-mt5-free-download-powerful-profitable-guide/","301","plain"
"/rsi-paint-forex-indicator-mt4-free-download-powerful-9-step-guide-for-safer-trading","/🚀-mt4-x-speed-forex-indicator-free-download-powerful-proven-guide/","301","plain"
"/vulkan-forex-system-for-mt4-free-download-risky-truths-powerful-setup-tips-9-safer-alternatives","/category/free-forex-indicator/","301","plain"
"/tornado-scalping-strategy-for-mt4-free-download-powerful-7-step-trading-edge-revealed","/🚀-master-scalping-trading-system-mt4-free-download-ultimate-proven-guide-7-powerful-benefits/","301","plain"
"/forex-rebellion-trading-system-for-mt4-free-download-7-powerful-truths-you-must-know-before-installing","/category/forex-trading-strategies/","301","plain"
"/forex-xcelerator-best-solution-for-trading-free-download-7-powerful-benefits-you-must-know","/cpr-forex-indicator-for-mt4-free-download-7-powerful-benefits-proven-trading-secrets/","301","plain"
"/dna-scalper-precision-scalping-indicator-free-download-7-powerful-benefits-traders-must-know","/eagle-scalper-best-forex-indicator-11-powerful-benefits-real-world-red-flags/","301","plain"
"/quantum-super-channel-with-ema-neural-free-indicator-powerful-guide-11-smart-tips","/category/free-forex-indicator/","301","plain"
"/power-fuse-rsx-forex-trading-system-free-download-risky-truths-safe-alternatives-and-9-smart-setup-steps","/category/free-forex-indicator/","301","plain"
"/oma-channel-scalping-strategy-free-download-7-powerful-secrets-to-boost-intraday-profits","/category/free-forex-indicator/","301","plain"
"/ufx-indicator-package-what-you-should-know-before-downloading","/category/free-forex-indicator/","301","plain"
"/fibonacci-golden-zone-indicator-free-download-powerful-proven-trading-tool","/forex-millionaire-indicator-free-download-7-powerful-truths-you-must-know-before-installing/","301","plain"
"/dsl-discontinued-signal-line-family-of-indicators-complete-guide-free-download-resources","/📈-pro-trend-line-indicator-free-download-7-powerful-benefits-every-trader-must-know/","301","plain"
"/📈-modified-moving-average-mma-indicator-complete-guide-free-download","/🚀-moving-average-crossover-arrows-indicator-mt5-free-download-powerful-profitable-guide/","301","plain"
"/meta-i11-forex-ea-reviews-7-powerful-insights-every-trader-must-know","/category/mt4-mt5-expert-advisors/ea-reviews-comparisons/","301","plain"
"/gold-scalper-pro-forex-ea-reviews-7-powerful-truths-you-must-know-before-investing","/ultimate-pro-scalper-forex-indicator-free-download-7-powerful-secrets-every-trader-must-know/","301","plain"
"/bb-return-forex-ea-reviews-7-powerful-truths-every-trader-must-know","/bb-return-forex-ea-reviews-7-powerful-truths-every-trader-must-know-before-investing/","301","plain"
"/dragon-titan-forex-ea-reviews-7-powerful-insights-you-must-know-before-investing","/category/mt4-mt5-expert-advisors/ea-reviews-comparisons/","301","plain"
"/fractal-structure-model-pro-by-zakalgo_trade-forex-indicator-reviews-7-powerful-truths-every-trader-must-know","/category/mt4-mt5-expert-advisors/ea-reviews-comparisons/","301","plain"
"/🐾-blackcat-l0-institutional-strength-momentum-by-blackcat1402-forex-indicator-reviews","/category/forex-indicator-reviews/","301","plain"
"/🚀-gcm-alpha-structure-framework-by-unigram-forex-indicator-reviews-powerful-insights-7-critical-truths","/category/forex-indicator-reviews/","301","plain"
"/double-sweep-pattern-by-leppyrd-forex-indicator-reviews-powerful-insights-7-proven-trading-benefits","/buyside-sellside-liquidity-indicator-free-download-powerful-guide-to-smart-trading-success/","301","plain"
"/trendrsi-momentum-structure-with-flip-signals-by-cony1979-forex-indicator-reviews","/category/ai-powered-trading-tools/ai-trading-indicators/","301","plain"
"/blackcat-l1-swing-trade-oscillator-by-blackcat1402-forex-indicator-reviews-powerful-insights-7-key-benefits-for-smart-traders","/forex-millionaire-indicator-free-download-7-powerful-truths-you-must-know-before-installing/","301","plain"
"/thermal-momentum-gauge-by-officialjackofalltrades-forex-indicator-reviews-powerful-truth-7-key-insights-for-smart-traders","/category/mt4-mt5-expert-advisors/ea-reviews-comparisons/","301","plain"
"/📊-sfp-trend-vwap-liquidity-pro-by-zofesu-forex-indicator-reviews","/category/mt4-mt5-expert-advisors/ea-reviews-comparisons/","301","plain"
"/alberto-r-a-fx-motor-institucional-htf-ltf-by-aran150491xam-forex-indicator-reviews-honest-powerful-and-practical-guide-7-key-insights","/category/ai-powered-trading-tools/ai-trading-indicators/","301","plain"
"/brick-wall-reversal-zones-by-latonyusx-forex-indicator-reviews-powerful-insights-7-honest-truths","/category/mt4-mt5-expert-advisors/ea-reviews-comparisons/","301","plain"
"/tim-fvg-by-shivvdutt-forex-indicator-reviews-powerful-truth-7-proven-insights","/powerful-profitable-fair-value-gap-fvg-ea-mt5-free-download-ultimate-guide-for-smart-traders/","301","plain"
"/smc-5-concept-trading-system-by-tradexforge-forex-indicator-reviews-7-powerful-truths-every-trader-must-know","/forex-scanner-pro-indicator-system-for-mt4-free-download-ultimate-powerful-guide-setup/","301","plain"
"/triple-ema-cross-close-price-confirm-by-fadz93-forex-indicator-reviews-powerful-pros-brutal-cons-and-9-must-know-truths","/category/forex-trading-strategies/","301","plain"
"/ema-9-21-50-bb-crossover-alerts-by-lunev200481-forex-indicator-reviews-powerful-honest-and-simple-7-key-insights","/category/forex-indicator-reviews/","301","plain"
"/btc-volatility-weighted-trend-matrix-by-mentor_michael03-forex-indicator-reviews-powerful-truths-smart-warnings-7-key-insights","/category/forex-indicator-reviews/","301","plain"
"/polarity-divergence-scanner-by-officialjackofalltrades-forex-indicator-reviews-7-powerful-truths-every-trader-must-know","/category/mt4-mt5-expert-advisors/ea-reviews-comparisons/","301","plain"
"/eth-master-elite-volume-price-action-by-nexous_cl-forex-indicator-reviews-powerful-insights-7-proven-benefits-for-smart-traders","/category/forex-indicator-reviews/","301","plain"
"/multi-tf-range-boxes-weekly-daily-cycles-by-pjphoto-forex-indicator-reviews-the-ultimate-honest-guide-9-powerful-insights","/category/forex-indicator-reviews/","301","plain"
"/harmonic-pulse-tracker-by-officialjackofalltrades-forex-indicator-reviews-7-powerful-insights-traders-must-know","/category/forex-indicator-reviews/","301","plain"
"/smart-trend-by-zofesu-variant-forex-indicator-reviews-7-powerful-truths-every-trader-must-know","/category/forex-trading-strategies/","301","plain"
"/pi-cycle-ratio-z-score-by-baswift-forex-indicator-reviews-7-powerful-insights-every-trader-must-know","/category/forex-indicator-reviews/","301","plain"
"/best-forex-brokers-top-10-regulated-platforms-with-lowest-deposits-real-bonuses-revealed","/category/ai-powered-trading-tools/","301","plain"
"/fbs-broker-review-100-deposit-bonus-on-mt4-mt5-the-best-bonus-broker-right-now","/category/ai-powered-trading-tools/","301","plain"
"/best-forex-vps-for-mt4-mt5-in-2026-low-latency-24-7-uptime-expert-advisor-hosting","/🚀-powerful-proven-crypto-trading-indicator-system-mt5-free-download/","301","plain"
"/when-the-world-burns-your-money-doesnt-have-to","/category/ai-powered-trading-tools/ai-ea-reviews/","301","plain"
"/the-money-race-nobody-told-you-about","/category/ai-powered-trading-tools/ai-ea-reviews/","301","plain"
"/the-8th-wonder-of-the-world-nobody-taught-you-in-school","/category/ai-powered-trading-tools/","301","plain"
"/your-job-is-being-stolen-and-the-thief-is-smarter-than-you-think","/category/ai-powered-trading-tools/","301","plain"
"/gfk-forex-indicator-for-mt4-free-download-powerful-proven-trading-tool-2","/cpr-forex-indicator-for-mt4-free-download-7-powerful-benefits-proven-trading-secrets/","301","plain"
"/the-ultimate-guide-to-the-best-mt5-expert-advisors-for-automated-trading","/category/beginners-guides-forex-basics/","301","plain"
"/the-complete-guide-to-ai-forex-trading-automate-your-wealth-eliminate-emotion-and-scale-with-expert-advisors","/category/beginners-guides-forex-basics/","301","plain"
"/the-forex-risk-management-masterclass-the-exact-system-to-protect-capital-eliminate-emotional-trading-and-compound-wealth","/category/risk-money-management/","301","plain"
"/the-complete-mt5-expert-advisor-setup-guide-automate-your-forex-trading","/monopolist-scalping-expert-advisor-free-download-powerful-7-step-guide-to-smart-forex-profits/","301","plain"
"/sparta-ea-7-powerful-benefits-that-make-it-a-game-changer-in-forex-trading","/category/mt4-mt5-expert-advisors/ea-reviews-comparisons/","301","plain"
"/safebot2-pro3-auto-ea-the-ultimate-powerful-7-step-guide-to-smart-forex-automation","/category/free-forex-ea/","301","plain"
"/force-revolution-ea-free-download-7-powerful-facts-you-must-know-before-you-try-it","/top-7-best-free-forex-scalper-ea-for-mt4-download/","301","plain"
"/fx-trendroid-free-download-7-powerful-benefits-every-trader-must-know","/📈-gold-trend-mt4-indicator-free-download-7-powerful-benefits-every-trader-must-know/","301","plain"
"/force-max-ea-free-download-7-powerful-facts-traders-must-know-before-you-try-it","/category/mt4-mt5-expert-advisors/ea-reviews-comparisons/","301","plain"
"/winner-fx-free-download-the-ultimate-guide-to-getting-started-safely-smartly","/category/free-forex-ea/","301","plain"
"/force-killer-ea-free-download-7-powerful-facts-you-must-know-before-installing","/category/mt4-mt5-expert-advisors/ea-reviews-comparisons/","301","plain"
"/traide-ringer-free-download-the-ultimate-safe-smart-guide","/category/ai-powered-trading-tools/ai-ea-reviews/","301","plain"
"/force-titanium-ea-free-download-7-powerful-truths-you-must-know-before-installing","/category/free-forex-ea/","301","plain"
"/force-long-runner-ea-free-download-7-powerful-facts-you-must-know-before-installing","/category/mt4-mt5-expert-advisors/ea-reviews-comparisons/","301","plain"
"/meris-forex-robot-free-download-7-powerful-facts-every-trader-must-know-before-installing","/category/free-forex-ea/","301","plain"
"/silicon-falcon-free-download-7-powerful-facts-you-must-know-before-you-install","/category/ai-powered-trading-tools/ai-ea-reviews/","301","plain"
"/evil-twin-scalper-ea-free-download-7-powerful-truths-every-trader-must-know","/category/free-forex-ea/","301","plain"
"/manhattan-pro-ea-free-download-7-shocking-truths-you-must-know-before-installing","/category/mt4-mt5-expert-advisors/ea-reviews-comparisons/","301","plain"
"/x-doubler-ea-free-download-7-powerful-facts-you-must-know-before-installing","/category/mt4-mt5-expert-advisors/ea-reviews-comparisons/","301","plain"
"/gps-forex-robot-ea-free-download-7-powerful-truths-you-must-know-before-installing","/category/free-forex-ea/","301","plain"
"/blastbands-ea-free-download-the-ultimate-7-step-powerful-guide-you-must-read","/category/free-forex-ea/","301","plain"
"/forex-kingle-hedger-ea-free-download-7-powerful-facts-you-must-know-before-installing","/category/mt4-mt5-expert-advisors/ea-reviews-comparisons/","301","plain"
"/erxgen-breakout-multicurrency-trader-ea-7-powerful-benefits-every-forex-trader-must-know","/pip-scalper-ea-mt4-free-download-7-powerful-benefits-and-smart-setup-guide/","301","plain"
"/ascent-ii-ea-free-download-7-powerful-facts-you-must-know-before-installing","/category/free-forex-ea/","301","plain"
"/seo-title-ultron-lite-ea-powerful-smart-trading-robot-guide","/category/free-forex-ea/","301","plain"
"/forex99-ea-free-download-7-powerful-facts-you-must-know-before-installing","/category/free-forex-ea/","301","plain"
"/ea-clasico-ea-free-download-7-powerful-facts-you-must-know-before-you-play","/🌊-neptune-ea-forex-ea-reviews-7-powerful-truths-every-trader-must-know/","301","plain"
"/silver-kangaroo-free-forex-ea-powerful-truths-benefits-7-must-know-facts","/cpr-forex-indicator-for-mt4-free-download-7-powerful-benefits-proven-trading-secrets/","301","plain"
"/golden-mammoth-free-download-the-shocking-truth-7-powerful-facts-you-must-know-before-you-click","/category/free-forex-ea/","301","plain"
"/gold-trading-free-download-7-powerful-proven-secrets-to-maximize-profits-safely","/xauusd-trading-robot-free-download-7-powerful-secrets-to-maximize-gold-profits-safely/","301","plain"
"/white-dragon-ea-free-download-powerful-trading-bot-guide-with-7-must-know-facts","/category/free-forex-ea/","301","plain"
"/wise-ea-free-download-7-powerful-facts-you-must-know-before-installing","/category/free-forex-ea/","301","plain"
"/hunter-forex-free-download-7-powerful-truths-you-must-know-before-installing","/volumehedger-forex-ea-reviews-7-powerful-truths-every-trader-must-know/","301","plain"
"/lucre-reborn-free-download-the-ultimate-guide-to-safe-legal-access","/advanced-hedge-ea-free-download-powerful-2026-guide-to-safe-smart-access/","301","plain"
"/venom-mt4-free-download-7-powerful-benefits-every-trader-must-know","/📈-pro-trend-line-indicator-free-download-7-powerful-benefits-every-trader-must-know/","301","plain"
"/fast-growing-mt4-free-download-7-powerful-benefits-every-trader-must-know","/pip-scalper-ea-mt4-free-download-7-powerful-benefits-and-smart-setup-guide/","301","plain"
"/best-bitcoin-robot-free-download-7-powerful-safe-picks-for-smart-trading","/xauusd-trading-robot-free-download-7-powerful-secrets-to-maximize-gold-profits-safely/","301","plain"
"/stable-forex-robot-free-download-7-powerful-truths-every-trader-must-know","/category/mt4-mt5-expert-advisors/ea-reviews-comparisons/","301","plain"
"/stirprofit-x-mt4-free-download-powerful-guide-with-7-essential-benefits-for-smart-traders","/pip-scalper-ea-mt4-free-download-7-powerful-benefits-and-smart-setup-guide/","301","plain"
"/especulador-scalper-ea-free-download-la-guia-definitiva-con-7-ventajas-poderosas-que-debes-conocer","/category/free-forex-ea/","301","plain"
"/best-ftmo-free-download-7-powerful-truths-you-must-know-before-you-start","/category/free-forex-ea/","301","plain"
"/connect-safe-forex-ea-free-download-powerful-proven-profitable-trading-guide","/category/mt4-mt5-expert-advisors/ea-reviews-comparisons/","301","plain"
"/perkasa-mt4-free-download-the-ultimate-beginners-guide-to-safe-powerful-installation","/best-scalper-ea-mt4-free-download-powerful-proven-guide/","301","plain"
"/egcx-gold-bot-pro-ea-7-powerful-reasons-traders-are-switching-to-this-advanced-gold-trading-system","/category/gold-xauusd-trading/","301","plain"
"/alpha-rare-forex-free-download-7-powerful-truths-you-must-know-before-installing","/category/free-forex-ea/","301","plain"
"/bloom-ea-free-download-7-powerful-truths-you-must-know-before-installing","/category/free-forex-ea/","301","plain"
"/marvelous-forex-trading-ea-free-download-7-powerful-benefits-hidden-truths-you-must-know","/cpr-forex-indicator-for-mt4-free-download-7-powerful-benefits-proven-trading-secrets/","301","plain"
"/hunting-cat-free-download-7-powerful-reasons-to-play-this-adorable-adventure-game-today","/category/free-forex-ea/","301","plain"
"/is-white-ea-free-download-7-powerful-truths-you-must-know-before-installing","/category/free-forex-ea/","301","plain"
"/powerful-guide-7-proven-facts-about-dax40-index-ea-free-download","/category/mt4-mt5-expert-advisors/ea-reviews-comparisons/","301","plain"
"/bss-forex-market-ea-14-3-free-download-powerful-guide-with-7-proven-insights","/category/free-forex-ea/","301","plain"
"/the-monetree-ea-free-download-7-powerful-facts-before-you-install-it","/category/mt4-mt5-expert-advisors/ea-reviews-comparisons/","301","plain"
"/strangelet-ea-free-download-7-powerful-truths-you-must-know-before-installing","/category/mt4-mt5-expert-advisors/ea-reviews-comparisons/","301","plain"
"/vibrix-price-action-ea-free-download-powerful-7-step-guide-to-smarter-forex-trading","/super-arrow-mt4-forex-indicator-free-download-powerful-7-step-guide-to-smarter-trading/","301","plain"
"/tik-combat-bot-ea-free-download-7-powerful-facts-you-must-know-before-installing","/category/mt4-mt5-expert-advisors/ea-reviews-comparisons/","301","plain"
"/mef-algosoft-mt4-bot-free-download-powerful-7-proven-benefits-you-must-know","/category/free-forex-ea/","301","plain"
"/forexhub-ea-free-download-7-powerful-truths-you-must-know-before-installing","/🚀-forexhub-system-for-mt4-free-download-powerful-2026-guide-with-proven-setup-tips/","301","plain"
"/timeless-ea-free-download-7-powerful-truths-every-trader-must-know-before-installing","/category/mt4-mt5-expert-advisors/ea-reviews-comparisons/","301","plain"
"/forex-breakout-ea-free-download-7-powerful-benefits-smart-setup-guide","/gold-breakout-ea-free-download-7-powerful-benefits-proven-setup-guide-for-massive-trading-success/","301","plain"
"/swing-gold-forex-ea-free-download-7-powerful-truths-you-must-know-before-installing","/the-gold-reaper-forex-ea-reviews-powerful-truths-7-critical-insights-before-you-invest/","301","plain"
"/best-smart-money-ea-free-download-7-powerful-secrets-to-maximize-your-forex-profits","/category/mt4-mt5-expert-advisors/ea-reviews-comparisons/","301","plain"
"/twilight-trader-night-scalping-ea-free-downloa-powerful-night-trading-strategy-with-proven-results","/xauusd-scalping-robot-settings-and-tips-10-powerful-strategies-for-better-trading-results/","301","plain"
"/gold-intelligence-ea-free-download-7-powerful-truths-you-must-know-before-installing","/category/gold-xauusd-trading/","301","plain"
"/forex-auto-news-trading-robot-free-download-7-powerful-truths-you-must-know-before-installing","/category/free-forex-ea/","301","plain"
"/forex-voltage-free-download-the-shocking-truth-7-powerful-facts-you-must-know","/forex-scanner-pro-indicator-system-for-mt4-free-download-ultimate-powerful-guide-setup/","301","plain"
"/best-day-scalper-ea-free-download-powerful-proven-2025-trading-secret-revealed","/category/free-forex-ea/","301","plain"
"/cyborg-forex-mt4-ea-free-download-7-powerful-truths-you-must-know-before-installing","/top-7-best-free-forex-scalper-ea-for-mt4-download/","301","plain"
"/green-hawk-smart-scalping-ea-free-download-powerful-profitable-forex-automation","/ai-gold-scalping-ea-free-download-powerful-profitable-2026-guide-7-proven-insights/","301","plain"
"/eternal-engine-ea-free-download-7-powerful-facts-you-must-know-before-trying","/category/free-forex-ea/","301","plain"
"/🌙-best-night-scalping-bot-free-download-7-powerful-secrets-traders-must-know-before-installing","/category/mt4-mt5-expert-advisors/ea-reviews-comparisons/","301","plain"
"/🐼-panda-hedging-smart-hedge-robot-free-download-the-ultimate-guide-to-profitable-hedging","/category/free-forex-ea/","301","plain"
"/secret-impulse-ea-free-download-powerful-guide-to-unlock-smart-forex-profits-today","/category/free-forex-ea/","301","plain"
"/evotrade-ea-free-download-powerful-7-step-guide-to-safe-smart-forex-automation","/category/mt4-mt5-expert-advisors/","301","plain"
"/aim-ea-free-download-7-powerful-facts-you-must-know-before-installing","/category/mt4-mt5-expert-advisors/","301","plain"
"/low-risk-forex-ea-free-download-7-proven-secrets-to-safe-smart-automated-trading","/category/free-forex-ea/","301","plain"
"/sure-pips-free-mt4-robot-download-7-powerful-truths-every-trader-must-know","/mft-trading-robot-mt4-free-download-7-powerful-facts-you-must-know-before-installing/","301","plain"
"/medici-forex-ea-free-download-the-ultimate-guide-to-safe-smart-access","/category/mt4-mt5-expert-advisors/ea-reviews-comparisons/","301","plain"
"/chandelier-exit-indicator-free-download-powerful-proven-7-step-trading-advantage","/category/forex-trading-strategies/","301","plain"
"/point-figure-indicator-free-download-powerful-proven-guide-with-7-smart-benefits","/cpr-forex-indicator-for-mt4-free-download-7-powerful-benefits-proven-trading-secrets/","301","plain"
"/precision-reversals-free-download-the-ultimate-powerful-guide-to-profitable-trading-success","/📈-pro-trend-line-indicator-free-download-7-powerful-benefits-every-trader-must-know/","301","plain"
"/mtf-macd-bars-indicator-free-download-powerful-7-step-guide-for-smarter-trading","/category/ai-powered-trading-tools/ai-trading-indicators/","301","plain"
"/📥-zerolag-macd-forex-indicator-free-download-powerful-proven-7-step-guide-to-smarter-trading","/nexus-6-0-binary-indicator-free-download-powerful-proven-trading-tool-guide/","301","plain"
"/📊-rsi-extreme-zone-forex-indicator-free-download-powerful-proven-trading-edge","/cpr-forex-indicator-for-mt4-free-download-7-powerful-benefits-proven-trading-secrets/","301","plain"
"/ao-divergence-forex-indicator-free-download-powerful-proven-strategy-guide","/eagle-scalper-best-forex-indicator-free-download-powerful-proven-profitable-strategy-guide/","301","plain"
"/horns-pattern-identifier-forex-indicator-free-download-powerful-proven-trading-guide-step-by-step","/cpr-forex-indicator-for-mt4-free-download-7-powerful-benefits-proven-trading-secrets/","301","plain"
"/📈-forex-future-forecast-indicator-free-download-powerful-proven-guide-for-smarter-trading","/forex-scanner-pro-indicator-system-for-mt4-free-download-ultimate-powerful-guide-setup/","301","plain"
"/smc-venom-model-bpr-forex-indicator-free-download-powerful-guide-to-smarter-trading-success","/super-arrow-mt4-forex-indicator-free-download-powerful-7-step-guide-to-smarter-trading/","301","plain"
"/xaos-patterns-explorer-forex-indicator-free-download-powerful-proven-trading-tool","/nexus-6-0-binary-indicator-free-download-powerful-proven-trading-tool-guide/","301","plain"
"/📊-fibopiv-v2-forex-indicator-powerful-free-download-guide-trading-strategy","/cpr-forex-indicator-for-mt4-free-download-7-powerful-benefits-proven-trading-secrets/","301","plain"
"/📊-trading-sessions-forex-indicator-free-download-powerful-proven-guide-for-smart-traders","/cpr-forex-indicator-for-mt4-free-download-7-powerful-benefits-proven-trading-secrets/","301","plain"
"/wd-gann-box-forex-indicator-free-download-powerful-trading-strategy-guide","/super-arrow-mt4-forex-indicator-free-download-powerful-7-step-guide-to-smarter-trading/","301","plain"
"/📊-last-high-low-stop-loss-indicator-the-ultimate-smart-trading-tool-for-powerful-risk-control","/📊-stop-loss-take-profit-mt4-forex-indicator-free-download-powerful-smart-risk-control-guide/","301","plain"
"/📊-pulse-fibonacci-pivot-forex-indicator-free-download-powerful-proven-trading-tool-for-smart-traders","/🚀-mt4-x-speed-forex-indicator-free-download-powerful-proven-guide/","301","plain"
"/🚀-powerful-proven-urban-towers-forex-indicator-free-download-ultimate-guide","/forex-millionaire-indicator-free-download-7-powerful-truths-you-must-know-before-installing/","301","plain"
"/mastering-the-absolute-strength-indicator-free-download-7-powerful-secrets-to-smarter-trading","/📊-strength-candles-buy-sell-forex-mt4-indicator-free-download-powerful-guide-smart-trading-tips/","301","plain"
"/free-scalping-and-100-pips-mt4-forex-trading-strategy-free-download-powerful-7-step-blueprint-for-consistent-gains","/category/free-forex-indicator/","301","plain"
"/professional-swing-intraday-channel-breakout-mt4-forex-strategy-free-download-powerful-7-step-winning-blueprint","/category/free-forex-indicator/","301","plain"
"/custom-high-low-and-xmaster-formula-mt5-forex-strategy-free-download-powerful-9-step-setup-for-smarter-entries","/category/mt4-mt5-expert-advisors/","301","plain"
"/squeeze-break-forex-indicator-for-mt4-mt5-free-download-7-powerful-benefits-every-trader-must-know","/🚀-powerful-proven-crypto-trading-indicator-system-mt5-free-download/","301","plain"
"/secret-profit-levels-forex-indicator-free-download-7-powerful-truths-every-trader-must-know","/forex-millionaire-indicator-free-download-7-powerful-truths-you-must-know-before-installing/","301","plain"
"/gap-finder-forex-indicator-free-download-7-powerful-secrets-to-spot-high-probability-trades-fast","/category/free-forex-indicator/","301","plain"
"/3-bars-high-low-forex-indicator-free-download-powerful-strategy-guide-for-smart-traders","/forex-millionaire-indicator-free-download-7-powerful-truths-you-must-know-before-installing/","301","plain"
"/forex-profit-boost-mt4-indicator-free-download-7-powerful-secrets-to-maximize-your-trading-profits","/forex-scanner-pro-indicator-system-for-mt4-free-download-ultimate-powerful-guide-setup/","301","plain"
"/forex-impulse-detector-indicator-free-download-powerful-7-step-guide-to-smarter-trading","/super-arrow-mt4-forex-indicator-free-download-powerful-7-step-guide-to-smarter-trading/","301","plain"
"/mtx-trend-indicator-system-free-download-powerful-7-step-guide-to-smarter-forex-trading","/super-arrow-mt4-forex-indicator-free-download-powerful-7-step-guide-to-smarter-trading/","301","plain"
"/top-bottom-indicator-free-download-powerful-guide-with-7-proven-tips","/category/free-forex-indicator/","301","plain"
"/sefc-trading-system-free-download-risky-truth-power-guide-9-smart-safety-checks","/category/free-forex-indicator/","301","plain"
"/super-currency-strength-meter-forex-indicator-mt5-free-download-powerful-guide-with-7-proven-trading-benefits","/🏆-best-currency-strength-meter-indicator-free-download-powerful-proven-picks/","301","plain"
"/value-chart-deluxe-forex-indicator-mt4-free-download-7-powerful-benefits-every-trader-must-know","/cpr-forex-indicator-for-mt4-free-download-7-powerful-benefits-proven-trading-secrets/","301","plain"
"/stochastic-divergence-indicator-free-download-powerful-7-step-strategy-to-maximize-trading-profits","/cobra-scalper-best-trading-indicator-free-download-7-powerful-reasons-traders-love-it/","301","plain"
"/forex-viking-pro-indicator-free-download-powerful-proven-trading-tool-guide","/nexus-6-0-binary-indicator-free-download-powerful-proven-trading-tool-guide/","301","plain"
"/auto-candlestick-patterns-detector-tradingview-script-for-free-powerful-simple-and-9-must-know-tricks","/category/ai-powered-trading-tools/ai-trading-indicators/","301","plain"
"/trendline-scalper-forex-trading-indicator-system-free-download-powerful-guide-to-smart-profits","/murasaki-scalper-free-download-powerful-secrets-every-trader-must-know-before-installing/","301","plain"
"/tw-trend-following-forex-trading-strategy-free-download-7-powerful-secrets-for-consistent-profits","/forex-viking-most-profitable-indicator-free-download-7-powerful-secrets-to-consistent-profits/","301","plain"
"/finding-the-best-combination-of-forex-indicators-free-download-proven-power-guide-9-winning-setups","/automate-indicator-mt4-ea-free-download-7-powerful-benefits-every-trader-must-know/","301","plain"
"/the-assar-phoenix-elite-robot-free-download-7-powerful-facts-you-must-know-before-getting-it","/category/free-forex-indicator/","301","plain"
"/best-currency-correlation-forex-indicator-mt4-free-download-7-powerful-tools-for-smarter-trading","/🏆-best-currency-strength-meter-indicator-free-download-powerful-proven-picks/","301","plain"
"/volatility-quality-zero-line-forex-indicator-for-mt4-free-download-powerful-7-step-guide-to-safer-trend-signals","/📈-pro-trend-line-indicator-free-download-7-powerful-benefits-every-trader-must-know/","301","plain"
"/🚀-powerful-forex-hedge-fund-strategy-for-free-download-7-proven-secrets-to-maximize-profits","/category/forex-trading-strategies/","301","plain"
"/non-repaint-indicator-for-mt4-free-download-7-powerful-benefits-traders-must-know","/automate-indicator-mt4-ea-free-download-7-powerful-benefits-every-trader-must-know/","301","plain"
"/price-action-scanner-forex-indicator-free-download-for-mt4-7-powerful-benefits-traders-love","/asian-breakout-trading-system-free-download-powerful-7-step-strategy-for-explosive-forex-profits/","301","plain"
"/trend-squeezer-forex-system-mt4-free-download-powerful-guide-with-7-proven-trading-insights","/📈-pro-trend-line-indicator-free-download-7-powerful-benefits-every-trader-must-know/","301","plain"
"/candlestick-pattern-forex-indicator-free-download-7-powerful-benefits-for-smarter-trading","/cap-channel-forex-indicator-free-download-7-powerful-benefits-every-trader-must-know/","301","plain"
"/📈-progressor-binary-options-strategy-indicator-free-download-7-powerful-secrets-for-winning-trades","/binary-options-signals-indicator-mt4-free-download-powerful-proven-guide/","301","plain"
"/price-channel-macd-rsi-forex-trading-system-free-download-7-powerful-benefits-for-smart-traders","/cap-channel-forex-indicator-free-download-7-powerful-benefits-every-trader-must-know/","301","plain"
"/fx-arcanum-indicator-free-download-7-powerful-truths-you-must-know-before-installing","/category/free-forex-indicator/","301","plain"
"/📈-candlestick-traders-free-download-7-powerful-proven-facts-you-must-know-before-downloading","/category/free-forex-indicator/","301","plain"
"/📊-the-best-forex-pivot-points-indicator-free-download-powerful-accurate-profitable-guide","/eagle-scalper-best-forex-indicator-free-download-powerful-proven-profitable-strategy-guide/","301","plain"
"/📊-forex-flexbox-indicator-powerful-profitable-tool-explained-free-guide-faqs","/eagle-scalper-best-forex-indicator-free-download-powerful-proven-profitable-strategy-guide/","301","plain"
"/karat-killer-forex-ea-reviews-7-powerful-truths-every-trader-must-know","/category/forex-ea-reviews/","301","plain"
"/http-ea-forex-ea-reviews-7-powerful-insights-every-trader-must-know-before-investing","/bb-return-forex-ea-reviews-7-powerful-truths-every-trader-must-know-before-investing/","301","plain"
"/syna-forex-ea-reviews-7-powerful-insights-every-trader-must-know-before-investing","/syna-forex-ea-reviews-7-powerful-truths-you-must-know-before-investing/","301","plain"
"/royal-quant-ea-forex-ea-reviews-7-powerful-insights-every-trader-must-know","/category/forex-ea-reviews/","301","plain"
"/cryonx-ea-forex-ea-reviews-7-powerful-truths-every-trader-must-know","/volumehedger-forex-ea-reviews-7-powerful-truths-every-trader-must-know/","301","plain"
"/bitcoin-quantum-edge-algo-forex-ea-reviews-7-powerful-truths-you-must-know-before-investing","/category/ai-powered-trading-tools/ai-ea-reviews/","301","plain"
"/ea-gold-algo-forex-ea-reviews-7-powerful-insights-you-must-know-before-investing","/bb-return-forex-ea-reviews-7-powerful-truths-every-trader-must-know-before-investing/","301","plain"
"/xau-sniper-pro-forex-ea-reviews-7-powerful-truths-every-trader-must-know","/category/mt4-mt5-expert-advisors/ea-reviews-comparisons/","301","plain"
"/argos-rage-forex-ea-reviews-7-powerful-insights-every-trader-must-know","/category/forex-ea-reviews/","301","plain"
"/xauusd-quantum-scalping-ea-forex-ea-reviews-7-powerful-truths-every-trader-must-know","/category/forex-ea-reviews/","301","plain"
"/phantom-trend-cloud-by-willyalgotrader-forex-indicator-reviews-7-powerful-insights-every-trader-must-know","/📈-gold-trend-mt4-indicator-free-download-7-powerful-benefits-every-trader-must-know/","301","plain"
"/tectonic-by-the_lurker-forex-indicator-reviews-7-powerful-insights-every-trader-must-know","/asian-breakout-trading-system-free-download-powerful-7-step-strategy-for-explosive-forex-profits/","301","plain"
"/l2-main-force-trend-by-blackcat-powerful-insights-honest-forex-indicator-reviews","/category/mt4-mt5-expert-advisors/ea-reviews-comparisons/","301","plain"
"/htf-floating-candles-w-volume-footprint-by-theultimator5-forex-indicator-reviews-powerful-truth-7-key-insights","/category/mt4-mt5-expert-advisors/ea-reviews-comparisons/","301","plain"
"/keltner-sd-supertrend-by-rakoquant-forex-indicator-reviews","/forex-millionaire-indicator-free-download-7-powerful-truths-you-must-know-before-installing/","301","plain"
"/adaptive-pivot-structure-by-willyalgotrader-forex-indicator-reviews","/category/forex-indicator-reviews/","301","plain"
"/squeeze-breakout-pro-by-willyalgotrader-forex-indicator-reviews-the-ultimate-powerful-guide-with-7-honest-insights","/ultimate-pro-scalper-forex-indicator-free-download-7-powerful-secrets-every-trader-must-know/","301","plain"
"/smart-trend-by-zofesu-forex-indicator-reviews-powerful-honest-insights-7-must-know-facts","/category/ai-powered-trading-tools/ai-trading-indicators/","301","plain"
"/📈-trend-channels-pro-by-ahmadsamih-forex-indicator-reviews-powerful-insights-honest-pros-7-must-know-facts","/📈-pro-trend-line-indicator-free-download-7-powerful-benefits-every-trader-must-know/","301","plain"
"/🚀-powerful-auto-s-r-channels-by-willyalgotrader-forex-indicator-reviews-7-shocking-truths-you-must-know","/category/forex-indicator-reviews/","301","plain"
"/smt-quarterly-theory-1800-ny-day-cycle-by-crypto_daytrade-forex-indicator-reviews-ultimate-9-step-breakdown-honest","/category/forex-indicator-reviews/","301","plain"
"/grid-system-gann-diamond-by-surfchaser-complete-review-visual-guide","/category/forex-indicator-reviews/","301","plain"
"/quantum-momentum-confluence-qmc-by-mehmetbezgincan-forex-indicator-reviews-brutally-honest-powerful-and-9-key-insights","/category/forex-indicator-reviews/","301","plain"
"/bottom-finder-2-green-candles-momentum-by-kerrency","/category/ai-powered-trading-tools/ai-trading-indicators/","301","plain"
"/quantum-relative-performance-oscillator-by-pineify-forex-indicator-reviews","/category/ai-powered-trading-tools/ai-trading-indicators/","301","plain"
"/supply-demand-zones-by-joksen-forex-indicator-reviews-powerful-insights-7-honest-pros-cons","/quantum-queen-forex-ea-reviews-powerful-insights-honest-pros-7-shocking-truths/","301","plain"
"/alekay-tools-by-alekay-fx-forex-indicator-reviews-7-powerful-insights-every-trader-must-know","/forex-millionaire-indicator-free-download-7-powerful-truths-you-must-know-before-installing/","301","plain"
"/kijun-line-by-most55-forex-indicator-reviews-7-powerful-insights-every-trader-must-know","/forex-millionaire-indicator-free-download-7-powerful-truths-you-must-know-before-installing/","301","plain"
"/cow-stochastic-momentum-index-by-tradercow913-forex-indicator-reviews-7-powerful-insights-every-trader-must-know","/category/ai-powered-trading-tools/ai-trading-indicators/","301","plain"
"/zct-momentum-s-r-rules-by-ahanaf_adil-forex-indicator-reviews-7-powerful-truths-every-trader-must-know","/category/forex-indicator-reviews/","301","plain"
"/yakup-pro-screener-v3-by-yakubyildirim44-forex-indicator-reviews-7-powerful-insights-every-trader-must-know","/ultimate-pro-scalper-forex-indicator-free-download-7-powerful-secrets-every-trader-must-know/","301","plain"
"/🏆-ultimate-support-resistance-matrix-by-muratkbesiroglu-forex-indicator-reviews-powerful-guide-with-7-proven-insights","/forex-millionaire-indicator-free-download-7-powerful-truths-you-must-know-before-installing/","301","plain"
"/hawkes-vol-expansion-detector-by-unfairvaiuegap-forex-indicator-reviews-7-powerful-insights-every-trader-must-know","/category/forex-indicator-reviews/","301","plain"
"/fp-model-impulse-start-by-borondepali-forex-indicator-reviews-9-powerful-pros-surprising-cons-honest-guide","/category/forex-indicator-reviews/","301","plain"
"/cme-dxy-volume-final-by-huiliu18-forex-indicator-reviews-17-powerful-pros-cons-and-real-world-use-cases","/category/ai-powered-trading-tools/ai-trading-indicators/","301","plain"
"/ag-pro-swap-engine-by-agprolabs-forex-indicator-reviews-7-powerful-truths-every-trader-must-know","/forex-scanner-pro-indicator-system-for-mt4-free-download-ultimate-powerful-guide-setup/","301","plain"
"/orange-blue-trends-by-kkilbourne-forex-indicator-reviews-7-powerful-insights-traders-must-know","/category/forex-indicator-reviews/","301","plain"
"/initial-value-breakout-by-omegatools-forex-indicator-reviews-7-powerful-truths-every-trader-must-know","/category/forex-trading-strategies/","301","plain"
"/7-essential-honest-structure-mapping-pro-by-rabgoada9-forex-indicator-reviews-that-traders-shouldnt-ignore","/category/ai-powered-trading-tools/ai-trading-indicators/","301","plain"
"/em-model-by-meinvesting-forex-indicator-reviews-powerful-honest-practical-guide-7-must-know-facts","/order-blocks-indicator-for-mt4-mt5-free-download-7-powerful-benefits-smart-traders-cant-ignore/","301","plain"
"/exness-review-trade-from-1-with-free-vps-why-it-beats-every-other-broker","/category/ai-powered-trading-tools/","301","plain"
"/xm-broker-review-20-deposit-bonus-asic-regulation-zero-spread-accounts-exposed","/category/ai-powered-trading-tools/","301","plain"
"/avtomatfx-franklin-ea-free-download-powerful-reliable-forex-automation","/category/free-forex-ea/","301","plain"
"/forex-tramp-ea-multi-currency-with-soft-martingale-free-download-honest-review-safe-insights","/category/free-forex-ea/","301","plain"
"/ea-vst-free-download-7-powerful-facts-you-must-know-before-installing","/category/mt4-mt5-expert-advisors/","301","plain"
"/easistan-v7tr-free-download-powerful-proven-guide-with-7-smart-benefits","/category/mt4-mt5-expert-advisors/ea-reviews-comparisons/","301","plain"
"/jabrix-scalper-mt4-ea-free-download-7-powerful-truths-every-trader-must-know","/top-7-best-free-forex-scalper-ea-for-mt4-download/","301","plain"
"/force-pipser-ea-free-download-7-powerful-truths-you-must-know-before-installing","/category/mt4-mt5-expert-advisors/ea-reviews-comparisons/","301","plain"
"/force-tripple-ea-free-download-7-powerful-safe-ways-to-play-it-today","/category/free-forex-ea/","301","plain"
"/force-aggressor-ea-free-download-the-ultimate-guide-to-safe-access-smart-trading","/advanced-hedge-ea-free-download-powerful-2026-guide-to-safe-smart-access/","301","plain"
"/momentum-forex-trading-free-download-7-powerful-proven-ways-to-boost-your-trading-success","/the-best-forex-trading-journal-template-excel-download-complete-guide-free-resources/","301","plain"
"/magic-blue-automated-forex-ea-the-ultimate-powerful-guide-with-7-proven-insights","/category/mt4-mt5-expert-advisors/ea-reviews-comparisons/","301","plain"
"/mathematic-algorithm-free-download-9-powerful-proven-resources-you-can-access-today","/category/ai-powered-trading-tools/","301","plain"
"/xxx777-avtomat-fx-ea-free-download-7-powerful-truths-every-trader-must-know","/category/free-forex-ea/","301","plain"
"/han-ea-free-download-7-powerful-facts-you-must-know-before-installing","/category/free-forex-ea/","301","plain"
"/dow-and-dax-forex-ea-free-download-powerful-2026-guide-to-profitable-index-trading","/category/mt4-mt5-expert-advisors/ea-reviews-comparisons/","301","plain"
"/benderfx-v4-forex-ea-free-download-7-powerful-facts-every-trader-must-know-before-installing","/volumehedger-forex-ea-reviews-7-powerful-truths-every-trader-must-know/","301","plain"
"/best-forex-swing-ea-free-download-powerful-proven-trading-solution","/the-best-forex-trading-journal-template-excel-download-complete-guide-free-resources/","301","plain"
"/breakout-index-trading-ea-free-download-powerful-profitable-guide-must-read-before-you-install","/category/mt4-mt5-expert-advisors/ea-reviews-comparisons/","301","plain"
"/pound-yen-trader-gbpjpy-ea-free-download-7-powerful-benefits-smart-setup-guide","/category/free-forex-ea/","301","plain"
"/dark-ea-free-download-7-powerful-safe-ways-to-access-dark-ea-games-legally","/advanced-hedge-ea-free-download-powerful-2026-guide-to-safe-smart-access/","301","plain"
"/didi-index-indicator-free-download-powerful-profitable-trading-tool","/order-blocks-indicator-for-mt4-mt5-free-download-7-powerful-benefits-smart-traders-cant-ignore/","301","plain"
"/squeeze-index-indicator-free-download-powerful-7-step-guide-to-explosive-trading-opportunities","/category/free-forex-indicator/","301","plain"
"/key-pa-levels-forex-indicator-free-download-powerful-proven-strategy-guide","/asian-breakout-trading-system-free-download-powerful-7-step-strategy-for-explosive-forex-profits/","301","plain"
"/📊-uni-volume-delta-and-correlation-mt4-forex-trading-strategy-free-download-powerful-profitable-guide-7-smart-benefits","/cpr-forex-indicator-for-mt4-free-download-7-powerful-benefits-proven-trading-secrets/","301","plain"
"/currency-power-meter-mt4-forex-indicator-free-download-powerful-proven-tool-for-smarter-trading","/category/free-forex-indicator/","301","plain"
"/🚀-kx4-pro-trading-system-free-download-powerful-proven-strategy-guide","/gold-sniper-master-indicator-system-free-download-powerful-secrets-7-proven-trading-advantages/","301","plain"
"/quantum-emperor-forex-ea-reviews-7-shocking-truths-every-trader-must-know-before-investing","/bb-return-forex-ea-reviews-7-powerful-truths-every-trader-must-know-before-investing/","301","plain"
"/quantum-starman-forex-ea-reviews-7-powerful-insights-you-must-know-before-investing","/bb-return-forex-ea-reviews-7-powerful-truths-every-trader-must-know-before-investing/","301","plain"
"/range-breakout-ea-forex-ea-reviews-7-powerful-truths-every-trader-must-know","/category/forex-ea-reviews/","301","plain"
"/ntron-2ooo-forex-ea-reviews-powerful-truth-7-critical-facts-you-must-know","/category/forex-ea-reviews/","301","plain"
"/dark-gold-forex-ea-reviews-7-powerful-truths-you-must-know-before-investing","/category/forex-ea-reviews/","301","plain"
"/📊-fair-value-gap-signals-by-ualgo-forex-indicator-reviews-the-ultimate-honest-breakdown-for-smart-traders","/powerful-profitable-fair-value-gap-fvg-ea-mt5-free-download-ultimate-guide-for-smart-traders/","301","plain"
"/zonex-vynex-by-primeverse_app-forex-indicator-reviews-the-ultimate-honest-breakdown-for-smart-traders","/category/forex-indicator-reviews/","301","plain"
"/🔐-breakout-vault-confirmed-by-ariscodes-forex-indicator-reviews-powerful-truth-7-proven-insights","/category/mt4-mt5-expert-advisors/ea-reviews-comparisons/","301","plain"
"/kama-sd-bands-by-rakoquant-forex-indicator-reviews-7-powerful-insights-every-trader-must-know","/super-arrow-mt4-forex-indicator-free-download-powerful-7-step-guide-to-smarter-trading/","301","plain"
"/betradez-bos-by-blairedreira92-forex-indicator-reviews-honest-powerful-analysis-7-critical-insights","/sigma-bot-forex-ea-reviews-powerful-insights-honest-analysis-7-must-know-facts/","301","plain"
"/adaptive-volatility-trend-by-willyalgotrader-forex-indicator-reviews-powerful-insights-7-proven-benefits","/📈-gold-trend-mt4-indicator-free-download-7-powerful-benefits-every-trader-must-know/","301","plain"
"/📊-mfi-distribution-by-ualgo-forex-indicator-powerful-7-key-insights-every-trader-must-know","/category/forex-indicator-reviews/","301","plain"
"/fvg-mitigation-intraday-pro-clean-by-darshakssc-honest-powerful-forex-indicator-reviews","/category/forex-indicator-reviews/","301","plain"
"/ag-pro-auto-trendlines-mtf-by-agprolabs-forex-indicator-reviews-powerful-insights-honest-pros-7-key-facts","/ultimate-pro-scalper-forex-indicator-free-download-7-powerful-secrets-every-trader-must-know/","301","plain"
"/gold-billionaire-by-kieranj-forex-indicator-reviews-7-shocking-truths-you-must-know-before-buying","/category/forex-indicator-reviews/","301","plain"
"/fibonacci-confluence-grids-levels-time-zones","/category/mt4-mt5-expert-advisors/ea-reviews-comparisons/","301","plain"
"/flux-pulse-orb-by-inkadinka_ka-forex-indicator-reviews-the-powerful-truth-behind-this-game-changing-tool","/category/forex-indicator-reviews/","301","plain"
"/3ak-inside-bar-scanner-by-ak3_dg-forex-indicator-reviews-7-powerful-insights-every-trader-must-know","/forex-scanner-pro-indicator-system-for-mt4-free-download-ultimate-powerful-guide-setup/","301","plain"
"/📈-supertrend-slope-only-by-sudhakar_kb-forex-indicator-reviews-7-powerful-truths-every-trader-must-know","/forex-millionaire-indicator-free-download-7-powerful-truths-you-must-know-before-installing/","301","plain"
"/nas100-alerts-limitless-by-blissfulaccoun8911-forex-indicator-reviews-powerful-truth-7-game-changing-insights","/category/ai-powered-trading-tools/ai-trading-indicators/","301","plain"
"/xauusd-volume-profile-elite-by-nexous_cl-forex-indicator-reviews","/🚀-powerful-proven-crypto-trading-indicator-system-mt5-free-download/","301","plain"